first_name,last_name,birth_date,from_date,to_date,title
Hilari,Morton,1965-01-03,1994-03-10,9999-01-01,Staff
Ohad,Esposito,1965-01-19,1998-08-06,9999-01-01,Technique Leader
Dipayan,Seghrouchni,1965-01-23,1987-03-30,9999-01-01,Senior Staff
Kokou,Iisaka,1965-01-01,1987-09-20,9999-01-01,Staff
Teunis,Noriega,1965-01-09,1999-02-12,9999-01-01,Technique Leader
Lech,Himler,1965-01-19,1992-01-21,9999-01-01,Staff
Juyoung,Seghrouchni,1965-01-24,1993-08-02,9999-01-01,Senior Engineer
Keiichiro,Glinert,1965-01-21,1993-09-16,9999-01-01,Engineer
Rasiah,Sudkamp,1965-01-10,1995-04-18,9999-01-01,Senior Engineer
Morrie,Schurmann,1965-01-30,1998-12-31,9999-01-01,Staff
Kazuhiko,Sidou,1965-01-16,1991-09-01,9999-01-01,Technique Leader
Denny,Tchuente,1965-01-03,1991-05-30,9999-01-01,Assistant Engineer
Sudhanshu,Demian,1965-01-03,1994-07-23,9999-01-01,Staff
Magdalena,Cannard,1965-01-10,1994-04-22,9999-01-01,Engineer
Caolyn,Setiz,1965-01-22,1990-02-06,9999-01-01,Staff
Sastry,Marrevee,1965-01-19,1999-09-25,9999-01-01,Engineer
Nakhoon,Luga,1965-01-14,1986-12-18,9999-01-01,Staff
Nikolaos,Kruskal,1965-01-18,1990-12-17,9999-01-01,Engineer
Bouchung,Bugrara,1965-01-30,1990-06-18,9999-01-01,Senior Staff
Arvin,Rabejac,1965-01-17,1994-01-01,9999-01-01,Engineer
Remmert,Schahn,1965-01-14,1986-09-06,9999-01-01,Staff
Gaurav,Swick,1965-01-21,1996-05-07,9999-01-01,Engineer
Morris,Garigliano,1965-01-15,1995-05-24,9999-01-01,Senior Staff
Berry,DeMori,1965-01-02,1992-12-27,9999-01-01,Engineer
Yaghout,Kenevan,1965-01-31,2000-09-15,9999-01-01,Engineer
Zengping,Boreale,1965-01-11,1998-12-16,9999-01-01,Staff
Gennady,Roison,1965-01-16,1989-12-06,9999-01-01,Engineer
Filipp,Carrere,1965-01-06,1989-01-09,9999-01-01,Technique Leader
Mabhin,Calkin,1965-01-31,1989-11-30,9999-01-01,Engineer
Adil,Matzke,1965-01-07,1987-05-08,9999-01-01,Senior Engineer
Filipp,Rousseau,1965-01-19,1995-06-07,9999-01-01,Engineer
Stafford,Honglei,1965-01-03,1998-08-16,9999-01-01,Staff
Surveyors,Crouzet,1965-01-21,1989-04-24,9999-01-01,Senior Staff
Taiji,Jarecki,1965-01-09,1991-06-27,9999-01-01,Engineer
Elzbieta,Morris,1965-01-24,1988-07-12,9999-01-01,Engineer
Satoru,Yoshizawa,1965-01-19,1994-03-27,9999-01-01,Senior Staff
Ziva,Kowalchuk,1965-01-30,1987-06-13,9999-01-01,Engineer
Utz,Heuter,1965-01-18,1986-06-15,9999-01-01,Staff
Kazunori,Peak,1965-01-23,1999-08-13,9999-01-01,Senior Staff
Rafael,Skafidas,1965-01-10,1991-03-28,9999-01-01,Senior Engineer
Vidar,Demri,1965-01-12,1999-12-31,9999-01-01,Staff
Candida,Benveniste,1965-01-24,1999-01-20,9999-01-01,Engineer
Christoph,Trystram,1965-01-30,1993-10-15,9999-01-01,Staff
Otmar,Rothenberg,1965-01-21,1989-03-14,9999-01-01,Senior Engineer
Jianhui,Cangellaris,1965-01-21,1991-10-06,9999-01-01,Assistant Engineer
Piyush,Danecki,1965-01-21,2000-01-08,9999-01-01,Engineer
Yongmin,Lanteri,1965-01-01,2002-03-19,9999-01-01,Senior Staff
Karsten,Azadmanesh,1965-01-09,1985-11-29,9999-01-01,Senior Engineer
Mohammed,Brizzi,1965-01-04,1991-12-28,9999-01-01,Senior Staff
Huai,Birch,1965-01-29,2002-06-12,9999-01-01,Assistant Engineer
Perla,Jumpertz,1965-01-20,1994-08-24,9999-01-01,Senior Staff
Jasminko,Bresenham,1965-01-27,1994-01-19,9999-01-01,Senior Staff
Barry,Unno,1965-01-06,1990-11-16,9999-01-01,Senior Staff
Manibrata,Genther,1965-01-01,1988-01-15,9999-01-01,Engineer
Hilari,Fairtlough,1965-01-02,1986-12-15,9999-01-01,Technique Leader
Jaana,Perez,1965-01-26,1996-03-11,9999-01-01,Technique Leader
Roddy,Rubsam,1965-01-25,1993-09-19,9999-01-01,Senior Engineer
Lubomir,Wroclawski,1965-01-25,1993-07-25,9999-01-01,Senior Engineer
Zhonghui,Conta,1965-01-04,1994-09-10,9999-01-01,Staff
Anwar,Passafiume,1965-01-12,1987-01-30,9999-01-01,Staff
Cordelia,Gischer,1965-01-20,1989-03-14,9999-01-01,Engineer
Ingmar,Basawa,1965-01-19,1991-11-09,9999-01-01,Staff
Nevin,Rodham,1965-01-28,1998-12-14,9999-01-01,Senior Staff
Jiakeng,Kalorkoti,1965-01-21,1994-12-25,9999-01-01,Senior Engineer
Zongyan,Dalphin,1965-01-25,1988-04-23,9999-01-01,Engineer
Wanqing,Krohm,1965-01-19,1991-01-22,9999-01-01,Senior Staff
Piyawadee,Leppanen,1965-01-28,1999-02-25,9999-01-01,Senior Staff
Shuji,Kandlur,1965-01-25,1990-03-02,9999-01-01,Engineer
Manu,Rosiles,1965-01-28,1998-03-03,9999-01-01,Senior Staff
Falguni,Pezzoli,1965-01-15,1996-12-23,9999-01-01,Engineer
Tooru,Veldwijk,1965-01-27,1993-11-21,9999-01-01,Staff
Xinglin,Mitsuhashi,1965-01-29,1988-12-14,9999-01-01,Engineer
Chenxi,Sundgren,1965-01-09,1986-09-02,9999-01-01,Senior Engineer
Tua,Giveon,1965-01-18,1998-09-09,9999-01-01,Technique Leader
Xumin,Thorensen,1965-01-06,1998-04-26,9999-01-01,Staff
Gilbert,Calkin,1965-01-14,1988-03-21,9999-01-01,Staff
Satoru,Vidal,1965-01-30,1998-05-02,9999-01-01,Assistant Engineer
Valery,Mersereau,1965-01-22,1998-07-01,9999-01-01,Assistant Engineer
Kolar,Steenbeek,1965-01-17,1986-10-18,9999-01-01,Senior Engineer
Jouko,Hellwagner,1965-01-29,2000-10-23,9999-01-01,Senior Engineer
Pranay,Giarratana,1965-01-27,1992-09-29,9999-01-01,Senior Engineer
Kousuke,Vecchio,1965-01-24,1990-02-23,9999-01-01,Senior Engineer
Tetsushi,Conta,1965-01-08,1995-07-04,9999-01-01,Senior Staff
Mayuko,Skafidas,1965-01-26,1999-04-19,9999-01-01,Technique Leader
Leon,Potthoff,1965-01-26,1985-12-08,9999-01-01,Engineer
Randi,Avouris,1965-01-28,1986-07-16,9999-01-01,Senior Engineer
Sailaja,Chvatal,1965-01-11,1999-05-18,9999-01-01,Staff
Gudjon,Majewski,1965-01-08,1999-10-26,9999-01-01,Senior Engineer
Yakkov,Samarati,1965-01-06,1997-10-10,9999-01-01,Senior Staff
Divine,Sidhu,1965-01-04,1989-07-05,9999-01-01,Senior Staff
Leandro,Gist,1965-01-12,1993-02-03,9999-01-01,Technique Leader
Abdelwaheb,Dulin,1965-01-30,1993-08-05,9999-01-01,Senior Engineer
Oksana,Zultner,1965-01-01,1991-03-23,9999-01-01,Staff
Harngdar,Schapire,1965-01-13,1996-11-09,9999-01-01,Engineer
Mark,Lalonde,1965-01-10,1996-11-24,9999-01-01,Staff
Murthy,Peek,1965-01-10,2000-10-30,9999-01-01,Engineer
Terresa,Peres,1965-01-08,1990-09-15,9999-01-01,Senior Staff
Atreye,Stanger,1965-01-17,1993-09-10,9999-01-01,Engineer
Ingmar,Nannarelli,1965-01-12,1988-06-10,9999-01-01,Senior Staff
Radoslaw,Maliniak,1965-01-16,2001-09-18,9999-01-01,Staff
Tadahiko,Melton,1965-01-23,1995-01-07,9999-01-01,Engineer
Jessie,Thorelli,1965-01-12,1999-12-16,9999-01-01,Senior Staff
Steen,Fasbender,1965-01-29,1993-02-14,9999-01-01,Technique Leader
Anwar,Collette,1965-01-15,2001-02-03,9999-01-01,Senior Engineer
Angel,Sichman,1965-01-08,1988-11-16,9999-01-01,Senior Staff
Kyoichi,Callaway,1965-01-05,1990-12-30,9999-01-01,Staff
Chinhyun,Bauknecht,1965-01-31,1986-12-19,9999-01-01,Senior Engineer
Naftaly,Foong,1965-01-08,1991-05-10,9999-01-01,Senior Engineer
Felicidad,Kumaresan,1965-01-28,1994-09-06,9999-01-01,Senior Staff
Erzsebet,Shigei,1965-01-10,1995-01-16,9999-01-01,Senior Engineer
Moni,Kohling,1965-01-16,2001-09-18,9999-01-01,Staff
Ennio,Babu,1965-01-27,1994-08-31,9999-01-01,Senior Engineer
Bokyung,Stamatiou,1965-01-12,1991-02-12,9999-01-01,Technique Leader
Jiang,Waschkowski,1965-01-04,1989-05-27,9999-01-01,Engineer
Leif,Ashish,1965-01-17,1994-10-14,9999-01-01,Staff
Chandrasekaran,Peek,1965-01-31,1990-09-17,9999-01-01,Senior Engineer
Ashish,Talmon,1965-01-30,1999-02-28,9999-01-01,Senior Engineer
Oscar,Kusalik,1965-01-01,1991-05-11,9999-01-01,Staff
Ulf,Oberman,1965-01-29,1997-03-15,9999-01-01,Senior Engineer
Serif,Gladwell,1965-01-21,1987-03-06,9999-01-01,Senior Staff
Fen,Genin,1965-01-02,1986-05-09,9999-01-01,Senior Staff
Uma,Reinhard,1965-01-04,1997-11-01,9999-01-01,Staff
Hailing,Levergood,1965-01-01,2000-01-12,9999-01-01,Staff
Kotesh,Rajala,1965-01-22,1992-06-23,9999-01-01,Senior Engineer
Jeong,Undy,1965-01-22,1985-02-13,9999-01-01,Senior Staff
Suzette,Butterworth,1965-01-02,1994-02-19,9999-01-01,Senior Engineer
Michaela,Randi,1965-01-05,1985-11-23,9999-01-01,Senior Engineer
Masasuke,Babu,1965-01-12,1988-03-31,9999-01-01,Senior Engineer
Fumiko,Deverell,1965-01-14,1987-08-15,9999-01-01,Staff
JoAnne,Baez,1965-01-14,1987-02-16,9999-01-01,Senior Engineer
Huei,Orsini,1965-01-14,1986-06-04,9999-01-01,Engineer
Shuichi,Ruemmler,1965-01-25,1998-04-08,9999-01-01,Senior Staff
Martijn,Vendrig,1965-01-08,1997-03-03,9999-01-01,Senior Staff
Changho,Cappelli,1965-01-08,1996-05-04,9999-01-01,Staff
Rimon,Kawashima,1965-01-07,1992-02-06,9999-01-01,Senior Staff
Mahmut,Lampe,1965-01-01,1985-05-11,9999-01-01,Engineer
Otmar,Sudbeck,1965-01-02,1998-07-22,9999-01-01,Staff
Toshiki,Ghazalie,1965-01-10,1991-12-05,9999-01-01,Staff
Sudhanshu,Boissier,1965-01-07,1985-05-11,9999-01-01,Engineer
Spyrose,Felder,1965-01-20,1997-10-20,9999-01-01,Senior Engineer
Harngdar,Bernardinello,1965-01-20,1988-02-29,9999-01-01,Senior Engineer
Michaela,Ramsak,1965-01-01,1992-12-21,9999-01-01,Staff
Shimshon,Aingworth,1965-01-09,1986-04-13,9999-01-01,Staff
Marla,Cherinka,1965-01-17,1986-12-01,9999-01-01,Technique Leader
Petter,Thummel,1965-01-25,1995-12-24,9999-01-01,Technique Leader
Bikash,Buchter,1965-01-20,1996-01-08,9999-01-01,Staff
Willard,Vernadat,1965-01-06,1997-03-04,9999-01-01,Engineer
Keung,Schapiro,1965-01-11,2001-02-08,9999-01-01,Senior Engineer
Xiong,Uhrik,1965-01-20,1988-03-21,9999-01-01,Senior Engineer
Yucai,Simmen,1965-01-04,1987-10-13,9999-01-01,Senior Staff
Shuji,Remmers,1965-01-19,1987-12-18,9999-01-01,Staff
Brigham,Eterovic,1965-01-29,1994-10-08,9999-01-01,Engineer
Shaleah,Eickenmeyer,1965-01-22,1993-10-09,9999-01-01,Senior Staff
Yucel,Lortz,1965-01-12,1995-02-21,9999-01-01,Engineer
Maha,Waterhouse,1965-01-13,1997-07-04,9999-01-01,Staff
Huei,Boguraev,1965-01-26,1993-12-31,9999-01-01,Senior Staff
Phillip,Oxenboll,1965-01-11,1999-05-26,9999-01-01,Engineer
Alenka,Ritcey,1965-01-18,1997-02-09,9999-01-01,Engineer
Maria,Eppinger,1965-01-24,1997-01-30,9999-01-01,Engineer
Mingzeng,Sadowski,1965-01-16,1989-11-12,9999-01-01,Senior Engineer
Mark,Schwaller,1965-01-05,1994-08-10,9999-01-01,Senior Staff
Volkmar,Uhrik,1965-01-21,1988-01-16,9999-01-01,Engineer
Sariel,Wynblatt,1965-01-16,1996-05-18,9999-01-01,Assistant Engineer
Dulce,Speel,1965-01-11,1987-10-19,9999-01-01,Senior Engineer
Zhaofang,Penn,1965-01-26,1997-07-24,9999-01-01,Senior Staff
Wuxu,Trogemann,1965-01-05,1997-01-27,9999-01-01,Senior Staff
Junsik,Berendt,1965-01-10,1988-04-27,9999-01-01,Senior Engineer
Tooru,Daescu,1965-01-22,1998-03-20,9999-01-01,Senior Staff
Pasqua,Maraist,1965-01-31,1993-12-06,9999-01-01,Engineer
Toong,Litecky,1965-01-03,1989-03-01,9999-01-01,Staff
Marco,Usdin,1965-01-25,1996-10-29,9999-01-01,Engineer
Gonzalo,Binkley,1965-01-10,1985-08-16,9999-01-01,Senior Engineer
Naraig,Jenevein,1965-01-26,1987-01-18,9999-01-01,Senior Engineer
Juyoung,Vieri,1965-01-21,1991-08-12,9999-01-01,Senior Staff
Edwin,Haldar,1965-01-05,1995-07-12,9999-01-01,Senior Staff
Sariel,Massonet,1965-01-29,1987-11-20,9999-01-01,Staff
Hitomi,Schaap,1965-01-12,1999-09-27,9999-01-01,Staff
Leen,Lamparter,1965-01-28,1993-06-07,9999-01-01,Engineer
Yuichiro,Malabarba,1965-01-23,1994-03-07,9999-01-01,Senior Staff
Filipp,Akaboshi,1965-01-05,1992-05-20,9999-01-01,Senior Staff
Kazuhisa,Benantar,1965-01-16,1990-03-30,9999-01-01,Senior Staff
Filipp,Flanders,1965-01-07,1990-11-26,9999-01-01,Senior Engineer
Lena,Peek,1965-01-09,1991-05-16,9999-01-01,Senior Engineer
Tze,Bach,1965-01-03,1999-03-09,9999-01-01,Engineer
Siddarth,Cappelletti,1965-01-14,1999-09-10,9999-01-01,Staff
Baocai,Leaver,1965-01-14,1998-08-05,9999-01-01,Senior Staff
Xinan,Rindone,1965-01-26,1996-10-08,9999-01-01,Engineer
Mooi,Stafford,1965-01-24,1996-10-06,9999-01-01,Senior Engineer
Aron,Harbusch,1965-01-12,1997-10-02,9999-01-01,Staff
Boguslaw,Snedden,1965-01-30,1985-02-20,9999-01-01,Senior Staff
Marie,Khalid,1965-01-06,1996-06-11,9999-01-01,Senior Engineer
Chriss,Fasbender,1965-01-29,1995-05-23,9999-01-01,Staff
Theirry,Albarhamtoshy,1965-01-29,1991-09-27,9999-01-01,Staff
Youngkon,Rohrbach,1965-01-15,1989-10-20,9999-01-01,Senior Engineer
Rosine,Lakshmanan,1965-01-29,1986-01-31,9999-01-01,Engineer
Chikako,Armand,1965-01-13,1985-05-18,9999-01-01,Senior Engineer
Phule,Heijenga,1965-01-14,1996-12-08,9999-01-01,Staff
Trygve,Krupka,1965-01-20,1994-03-11,9999-01-01,Senior Staff
Adas,Denti,1965-01-28,1986-05-30,9999-01-01,Staff
Jouni,Munoz,1965-01-21,1996-10-07,9999-01-01,Senior Staff
Augustine,Mungall,1965-01-25,1994-01-13,9999-01-01,Engineer
Arup,Colorni,1965-01-09,1996-02-05,9999-01-01,Senior Staff
Shugo,Yurek,1965-01-31,1992-08-28,9999-01-01,Staff
Alain,Penn,1965-01-15,1986-05-03,9999-01-01,Technique Leader
Khalil,Picci,1965-01-31,1998-11-24,9999-01-01,Senior Engineer
Lobel,Werthner,1965-01-22,1988-03-17,9999-01-01,Engineer
Premsyl,Lortz,1965-01-31,1993-02-01,9999-01-01,Senior Staff
Eberhardt,Carrera,1965-01-06,1999-02-23,9999-01-01,Staff
Sham,Vasanthakumar,1965-01-12,1993-05-24,9999-01-01,Senior Staff
Zdislav,Mandelberg,1965-01-20,1994-09-11,9999-01-01,Senior Engineer
Jiafu,Marchegay,1965-01-30,1985-03-02,9999-01-01,Senior Engineer
Bodo,Schade,1965-01-23,1986-02-14,9999-01-01,Staff
Arnould,Gaughan,1965-01-27,1991-01-23,9999-01-01,Engineer
Shaowen,Segond,1965-01-01,1986-01-06,9999-01-01,Engineer
Etsuo,Serot,1965-01-19,1989-06-14,9999-01-01,Senior Staff
Sumant,Nergos,1965-01-29,1994-03-02,9999-01-01,Staff
Breannda,Cangellaris,1965-01-13,2000-01-27,9999-01-01,Staff
Adit,Syrotiuk,1965-01-25,1993-07-16,9999-01-01,Engineer
Shih,Lindqvist,1965-01-02,1995-03-29,9999-01-01,Senior Engineer
Jianwen,Litzler,1965-01-23,1987-06-17,9999-01-01,Engineer
Adin,Scallan,1965-01-18,1987-09-15,9999-01-01,Staff
Makato,Remmers,1965-01-11,1989-04-16,9999-01-01,Engineer
Remzi,Douceur,1965-01-19,1992-12-01,9999-01-01,Engineer
Sigeru,Nivat,1965-01-30,1991-10-24,9999-01-01,Senior Staff
Olivera,Hanabata,1965-01-27,1986-11-10,9999-01-01,Senior Staff
Roded,Picco,1965-01-28,1993-11-06,9999-01-01,Assistant Engineer
Nagui,Gruenwald,1965-01-09,1997-06-14,9999-01-01,Engineer
Menkae,Chinin,1965-01-14,1998-08-27,9999-01-01,Senior Engineer
Sanjoy,Boudaillier,1965-01-25,1989-12-27,9999-01-01,Engineer
Bezalel,Karner,1965-01-05,1994-09-27,9999-01-01,Staff
Shigenori,Sullins,1965-01-09,1988-02-24,9999-01-01,Senior Staff
Mariusz,Vural,1965-01-22,1993-11-14,9999-01-01,Senior Engineer
Ziya,Zambonelli,1965-01-25,1999-06-29,9999-01-01,Engineer
Yechiam,Cairo,1965-01-22,2000-10-21,9999-01-01,Senior Staff
Gennady,Liesche,1965-01-04,1987-12-02,9999-01-01,Senior Staff
Palash,Trelles,1965-01-04,1998-11-18,9999-01-01,Engineer
Ronnie,Pollock,1965-01-08,1990-06-19,9999-01-01,Technique Leader
Zita,Hiltgen,1965-01-18,1999-01-26,9999-01-01,Staff
Zsolt,Riefers,1965-02-01,1987-09-25,9999-01-01,Senior Staff
Steen,Salvesen,1965-01-28,1993-02-03,9999-01-01,Technique Leader
Heekeun,Emmart,1965-01-16,1995-09-23,9999-01-01,Engineer
Surveyors,Bade,1965-02-01,1990-04-11,9999-01-01,Senior Staff
Erzsebet,Claffy,1965-01-23,1999-02-19,9999-01-01,Staff
Jeanna,Stemann,1965-01-19,1988-08-29,9999-01-01,Engineer
Moty,Mersereau,1965-01-02,1991-09-03,9999-01-01,Senior Staff
Bedir,Siegrist,1965-01-14,1997-05-13,9999-01-01,Engineer
Rildo,Masaki,1965-01-21,1990-01-14,9999-01-01,Engineer
Tetsushi,Sridhar,1965-01-09,1989-10-19,9999-01-01,Staff
Leszek,Werthner,1965-01-30,1999-03-03,9999-01-01,Staff
Cheong,Uhrik,1965-01-09,2002-05-09,9999-01-01,Senior Engineer
Dannz,Ohori,1965-01-01,1997-04-13,9999-01-01,Senior Staff
Kasidit,Papsdorf,1965-01-08,1993-08-17,9999-01-01,Engineer
Woody,Rusmann,1965-01-19,1993-02-26,9999-01-01,Engineer
Heeju,Cappelli,1965-01-24,1987-01-15,9999-01-01,Senior Engineer
Karlis,Nanard,1965-01-31,1992-09-19,9999-01-01,Engineer
Adel,Bressoud,1965-01-01,1995-08-30,9999-01-01,Engineer
Tetsushi,Tanemo,1965-01-23,1997-03-01,9999-01-01,Engineer
Hiroyasu,Seuren,1965-01-14,1989-03-05,9999-01-01,Senior Engineer
Hinrich,Scallan,1965-01-15,1999-04-04,9999-01-01,Staff
Heekeun,Slaats,1965-01-31,1999-01-12,9999-01-01,Senior Staff
Falguni,Cherinka,1965-01-22,1987-10-15,9999-01-01,Senior Engineer
Sedat,Itzigehl,1965-01-26,1997-07-31,9999-01-01,Engineer
Laurentiu,Benzmuller,1965-01-11,1999-11-08,9999-01-01,Senior Engineer
Golgen,Schoegge,1965-01-24,1988-02-26,9999-01-01,Senior Staff
Tsutomu,Rebaine,1965-01-27,1986-09-17,9999-01-01,Senior Engineer
Atilio,Segond,1965-01-23,1990-11-29,9999-01-01,Engineer
Zsolt,Brender,1965-01-07,1996-02-21,9999-01-01,Senior Staff
Shin,Piveteau,1965-01-29,1985-04-19,9999-01-01,Engineer
Krister,Pappas,1965-01-27,1999-09-30,9999-01-01,Staff
Eldridge,Eldridge,1965-01-06,1994-08-04,9999-01-01,Senior Engineer
Jeane,Tasistro,1965-01-25,1994-07-06,9999-01-01,Technique Leader
Aksel,Picaronny,1965-01-23,1991-01-27,9999-01-01,Engineer
Patricia,Pepe,1965-01-07,1991-04-19,9999-01-01,Senior Staff
Mandell,Alameldin,1965-01-09,1989-04-08,9999-01-01,Senior Staff
Domenico,Candan,1965-01-04,1997-07-13,9999-01-01,Engineer
Dung,Leaver,1965-01-29,1998-04-04,9999-01-01,Staff
Jianhao,Tomescu,1965-01-18,1996-08-26,9999-01-01,Engineer
Deniz,Thibadeau,1965-02-01,1994-09-27,9999-01-01,Engineer
Yonghong,Baig,1965-01-16,1999-04-10,9999-01-01,Staff
Aiman,Rosaz,1965-01-21,1990-05-22,9999-01-01,Engineer
Sadok,Lorys,1965-01-18,1987-05-10,9999-01-01,Senior Staff
Fumitaka,Roohalamini,1965-01-11,1998-06-27,9999-01-01,Staff
Aiman,Gargeya,1965-01-07,1985-03-07,9999-01-01,Senior Engineer
Munenori,Debuse,1965-01-27,1990-11-08,9999-01-01,Senior Engineer
Yucai,Seghrouchni,1965-01-26,1989-06-09,9999-01-01,Engineer
Chinhyun,Rassart,1965-01-28,1993-07-29,9999-01-01,Senior Engineer
Jaques,DiGiano,1965-01-25,1992-04-01,9999-01-01,Technique Leader
Shietung,Shrader,1965-01-26,1995-08-05,9999-01-01,Senior Staff
Shuky,Redmiles,1965-01-09,1994-11-19,9999-01-01,Senior Staff
Miyeon,Rothe,1965-01-22,1991-04-09,9999-01-01,Senior Staff
Chinya,Cooke,1965-01-24,1997-01-29,9999-01-01,Engineer
Lalit,Unni,1965-01-23,1999-01-31,9999-01-01,Assistant Engineer
Tru,Miyakawa,1965-01-12,1990-09-03,9999-01-01,Staff
Arumugam,Nitta,1965-01-22,1990-03-23,9999-01-01,Senior Engineer
Domenick,Basart,1965-01-27,1996-01-05,9999-01-01,Staff
Sajjad,Vitiello,1965-01-02,1992-02-17,9999-01-01,Staff
Pranjal,Schapiro,1965-01-02,1986-12-14,9999-01-01,Staff
Kinh,Buchter,1965-01-10,1986-03-29,9999-01-01,Senior Engineer
Cathie,Peck,1965-01-15,2001-03-04,9999-01-01,Engineer
Kristinn,Olano,1965-01-01,1989-10-03,9999-01-01,Senior Engineer
Hitomi,Takanami,1965-01-31,1997-12-15,9999-01-01,Assistant Engineer
Adil,Laventhal,1965-01-02,1992-05-13,9999-01-01,Assistant Engineer
Sajjad,Waeselynck,1965-01-19,1999-09-13,9999-01-01,Engineer
Feiyu,Siepmann,1965-01-26,1998-10-01,9999-01-01,Senior Engineer
Naraig,Veldwijk,1965-01-10,1989-07-10,9999-01-01,Engineer
Honglan,Hutton,1965-01-24,1993-10-04,9999-01-01,Senior Engineer
Takahira,Szilard,1965-01-22,1988-01-16,9999-01-01,Staff
Froduald,Feldhoffer,1965-01-22,1993-03-16,9999-01-01,Senior Engineer
Shigeo,Merey,1965-01-15,1985-07-30,9999-01-01,Senior Engineer
Qingxiang,Badache,1965-01-14,1989-06-25,9999-01-01,Senior Engineer
Anneke,Bernardeschi,1965-01-15,2000-10-15,9999-01-01,Engineer
Holgard,Weiland,1965-01-16,1991-09-24,9999-01-01,Senior Engineer
Hiroyasu,Provine,1965-02-01,1994-11-25,9999-01-01,Engineer
Masako,Bonifati,1965-01-01,1987-04-09,9999-01-01,Senior Staff
Yuuichi,Conde,1965-01-25,1989-03-08,9999-01-01,Engineer
Shuky,Jakobus,1965-01-11,1986-06-16,9999-01-01,Engineer
Kyoichi,Erman,1965-01-08,1996-07-25,9999-01-01,Senior Engineer
Kolar,Hinsberger,1965-01-02,1986-10-20,9999-01-01,Senior Engineer
Arif,Preusig,1965-01-10,1992-04-02,9999-01-01,Senior Engineer
Tristan,Mitsuhashi,1965-01-02,1994-07-13,9999-01-01,Senior Engineer
Faiza,Garnham,1965-01-02,1986-03-02,9999-01-01,Technique Leader
Xinglin,Birge,1965-01-18,1992-03-05,9999-01-01,Senior Staff
Niranjan,Schaaf,1965-01-07,1989-11-05,9999-01-01,Technique Leader
Ronghao,Picaronny,1965-01-21,1993-06-09,9999-01-01,Assistant Engineer
Ashish,Ratnaker,1965-01-09,2000-01-17,9999-01-01,Senior Staff
Susumu,Fritzsche,1965-01-03,1998-06-23,9999-01-01,Engineer
Leucio,Cappelli,1965-01-28,1997-08-22,9999-01-01,Staff
Conor,Ghandeharizadeh,1965-01-15,1985-05-25,9999-01-01,Senior Engineer
Katsuo,Hockney,1965-01-24,1999-11-07,9999-01-01,Technique Leader
Guiseppe,Ellozy,1965-01-19,1991-01-12,9999-01-01,Senior Engineer
Jeong,Cunliffe,1965-01-24,1996-10-27,9999-01-01,Senior Staff
Arnd,Peir,1965-01-03,1986-12-11,9999-01-01,Senior Engineer
Sanjoy,Barreiro,1965-01-20,1988-04-09,9999-01-01,Senior Staff
Fei,Murtagh,1965-01-30,1986-01-19,9999-01-01,Senior Staff
Kazuhisa,Weiland,1965-01-19,1985-11-09,9999-01-01,Senior Staff
Shakhar,Baik,1965-01-22,1993-12-01,9999-01-01,Staff
Stella,Figueira,1965-01-17,1990-03-14,9999-01-01,Senior Staff
Shaowen,Eldridge,1965-01-25,1987-12-05,9999-01-01,Senior Staff
Koldo,Luit,1965-02-01,1995-04-16,9999-01-01,Senior Engineer
Shigeo,Linnainmaa,1965-01-07,1985-07-30,9999-01-01,Senior Engineer
Harjit,Bardell,1965-01-27,1991-05-24,9999-01-01,Senior Engineer
Jaewon,Boissier,1965-01-14,1992-05-24,9999-01-01,Engineer
Larisa,Kornyak,1965-01-13,2000-02-07,9999-01-01,Technique Leader
Divine,Ghandeharizadeh,1965-01-05,1997-11-28,9999-01-01,Staff
Sreekrishna,Brender,1965-01-10,1990-03-22,9999-01-01,Engineer
Yechezkel,Perfilyeva,1965-01-20,1994-11-03,9999-01-01,Senior Engineer
Poornachandra,Wilharm,1965-01-25,1991-04-20,9999-01-01,Engineer
Stevo,Thambidurai,1965-01-26,1989-10-27,9999-01-01,Senior Staff
Uwe,Koblick,1965-01-27,1998-04-04,9999-01-01,Engineer
Shigeu,Claffy,1965-01-05,1998-12-19,9999-01-01,Engineer
Alselm,Rikino,1965-01-27,1990-11-16,9999-01-01,Engineer
Francesca,Ellozy,1965-01-07,1999-08-08,9999-01-01,Senior Engineer
Shigeichiro,Engelmann,1965-01-09,1994-01-09,9999-01-01,Engineer
Breannda,Collavizza,1965-01-04,1989-10-12,9999-01-01,Senior Engineer
Leaf,Baak,1965-01-18,1994-09-05,9999-01-01,Staff
Ohad,Kilgore,1965-01-27,2000-10-10,9999-01-01,Senior Engineer
Manohar,Harllee,1965-01-23,1987-03-11,9999-01-01,Senior Engineer
Zsolt,Hagimont,1965-01-11,1996-10-08,9999-01-01,Senior Staff
Babette,Eugenio,1965-01-27,1997-09-21,9999-01-01,Staff
Shuichi,Nanard,1965-01-25,1989-03-14,9999-01-01,Senior Engineer
Eberhardt,Barriga,1965-01-18,1987-06-04,9999-01-01,Senior Staff
Kristina,Baumann,1965-01-23,1996-09-26,9999-01-01,Assistant Engineer
Shiv,Aumann,1965-01-20,1998-06-14,9999-01-01,Senior Engineer
Tommaso,Vidya,1965-01-17,1998-05-02,9999-01-01,Engineer
Sverrir,Neimat,1965-01-14,1996-11-03,9999-01-01,Staff
Parke,Unno,1965-01-22,1996-07-01,9999-01-01,Engineer
Shin,Fujisaki,1965-01-15,1988-02-23,9999-01-01,Technique Leader
Ferdinand,Rosiles,1965-01-18,1997-07-08,9999-01-01,Senior Staff
Younwoo,Luders,1965-01-06,1998-12-08,9999-01-01,Senior Engineer
Chiradeep,Callaway,1965-01-14,1999-07-30,9999-01-01,Staff
Yongdong,Pollock,1965-01-09,1998-03-17,9999-01-01,Staff
Udi,Merks,1965-01-04,1997-08-15,9999-01-01,Engineer
Pasqua,Taubman,1965-01-30,1986-06-23,9999-01-01,Senior Staff
Kristine,Clemencon,1965-01-28,1993-06-01,9999-01-01,Senior Staff
Ronghao,Segond,1965-01-27,1993-09-13,9999-01-01,Senior Engineer
Jaewon,Thummel,1965-02-01,1985-09-14,9999-01-01,Senior Staff
Oldrich,Woycyznski,1965-01-09,1985-05-15,9999-01-01,Senior Engineer
Zhenhua,Lorys,1965-01-01,1995-08-21,9999-01-01,Engineer
JoAnne,Anido,1965-01-15,1995-09-15,9999-01-01,Staff
Keung,Neiman,1965-01-16,1997-04-13,9999-01-01,Staff
Quingbo,Coombs,1965-01-07,1999-01-17,9999-01-01,Senior Engineer
Khun,Janetzko,1965-01-16,1989-09-13,9999-01-01,Assistant Engineer
Yongmin,Roccetti,1965-01-24,1986-12-10,9999-01-01,Staff
Conor,Thorensen,1965-01-26,1988-02-24,9999-01-01,Senior Engineer
Goo,Bresenham,1965-01-09,1999-01-31,9999-01-01,Senior Staff
Lena,Cannane,1965-01-31,2000-01-28,9999-01-01,Engineer
Jungsoon,Birsak,1965-01-28,1985-04-03,9999-01-01,Technique Leader
Vasiliy,Ratnaker,1965-01-10,1995-08-09,9999-01-01,Engineer
Vojin,Coombs,1965-01-22,1995-07-23,9999-01-01,Senior Staff
Mang,Hedayat,1965-01-20,1995-05-22,9999-01-01,Engineer
Otmar,Birjandi,1965-01-24,1985-03-23,9999-01-01,Engineer
Tetsushi,Theuretzbacher,1965-01-26,1990-02-01,9999-01-01,Senior Staff
Conal,Yetto,1965-01-07,1991-01-12,9999-01-01,Staff
Along,Erol,1965-01-15,1992-10-16,9999-01-01,Senior Staff
Mansur,Comyn,1965-01-13,1999-08-31,9999-01-01,Engineer
Guther,Rothenberg,1965-01-27,1991-08-08,9999-01-01,Senior Staff
Pranjal,Rossi,1965-01-20,1998-07-07,9999-01-01,Staff
Aiman,Mawatari,1965-01-27,1988-05-01,9999-01-01,Senior Engineer
Xiadong,Shinomoto,1965-01-27,1997-05-24,9999-01-01,Senior Engineer
Alexius,Ibel,1965-01-26,1988-04-24,9999-01-01,Engineer
Arnould,Weedman,1965-01-23,1989-07-28,9999-01-01,Senior Staff
Vivian,Guerreiro,1965-01-24,1991-07-08,9999-01-01,Assistant Engineer
Renny,Bale,1965-01-01,1989-11-22,9999-01-01,Engineer
Bader,Denis,1965-01-15,1997-10-06,9999-01-01,Engineer
Koichi,Assaf,1965-01-09,1990-05-26,9999-01-01,Senior Engineer
Fumiko,Chepyzhov,1965-01-24,1988-01-28,9999-01-01,Staff
Yonghoan,Trogemann,1965-01-29,1988-09-23,9999-01-01,Assistant Engineer
Rajmohan,DasSarma,1965-01-03,1985-09-14,9999-01-01,Staff
Kazuhisa,Melter,1965-01-19,1987-07-16,9999-01-01,Senior Staff
Lucien,Schwartzburd,1965-01-04,1988-08-25,9999-01-01,Engineer
Yahiko,Hebden,1965-01-01,1996-10-03,9999-01-01,Senior Engineer
Gunilla,Milicic,1965-01-13,1998-01-09,9999-01-01,Staff
Lobel,Stafford,1965-01-27,1998-11-29,9999-01-01,Staff
Jamaludin,Nilsson,1965-01-04,1987-01-15,9999-01-01,Senior Staff
Dmitry,Msuda,1965-01-29,1988-10-22,9999-01-01,Senior Staff
Aria,Kilgore,1965-01-04,1992-04-11,9999-01-01,Engineer
Visit,McFarlan,1965-01-24,1987-10-22,9999-01-01,Engineer
Zhanqiu,Farrow,1965-01-06,1999-01-10,9999-01-01,Assistant Engineer
Ranga,Merro,1965-01-18,1996-05-11,9999-01-01,Assistant Engineer
Mang,Atchley,1965-01-26,1995-06-07,9999-01-01,Senior Staff
Claude,Candan,1965-01-22,1993-08-04,9999-01-01,Senior Staff
Anyuan,Kropatsch,1965-01-11,1986-09-05,9999-01-01,Senior Staff
Huei,Hutter,1965-01-20,1993-01-28,9999-01-01,Senior Engineer
Jaques,Kabayashi,1965-01-19,1992-03-13,9999-01-01,Senior Engineer
Richara,Walston,1965-01-11,1996-08-27,9999-01-01,Senior Engineer
Magdalena,Penn,1965-02-01,1997-01-04,9999-01-01,Senior Engineer
Arie,Coullard,1965-02-01,2000-03-28,9999-01-01,Senior Staff
Kristina,Neimat,1965-01-13,1988-04-18,9999-01-01,Technique Leader
Ramzi,Cronau,1965-01-26,1999-09-03,9999-01-01,Technique Leader
Aran,Cesareni,1965-01-01,2001-11-20,9999-01-01,Senior Staff
Hitofumi,Zaccaria,1965-01-27,1988-11-22,9999-01-01,Senior Engineer
Heping,Matheson,1965-01-13,1988-06-24,9999-01-01,Engineer
Yishai,Cappelli,1965-01-28,1997-01-30,9999-01-01,Staff
Kristin,Guerreiro,1965-01-18,1989-08-23,9999-01-01,Engineer
Rasiah,Koblick,1965-01-22,1991-08-21,9999-01-01,Senior Staff
Alair,Lyonns,1965-01-08,1997-07-12,9999-01-01,Engineer
Gianluca,Ramaiah,1965-01-13,1993-11-29,9999-01-01,Engineer
Kristinn,Loncour,1965-01-11,1995-02-08,9999-01-01,Engineer
Nobuyoshi,Hegner,1965-01-19,1994-09-07,9999-01-01,Senior Staff
Kokou,Garrabrants,1965-01-13,1997-11-05,9999-01-01,Senior Engineer
Mohan,Tasistro,1965-01-18,1996-02-10,9999-01-01,Engineer
Arumugam,Vecchio,1965-01-07,1985-08-14,9999-01-01,Engineer
Jeanna,Chinen,1965-01-09,1989-01-01,9999-01-01,Engineer
Haldon,Janetzko,1965-01-25,1990-09-11,9999-01-01,Senior Staff
Avishai,Hegner,1965-01-31,1993-05-08,9999-01-01,Senior Staff
Sumali,Huttel,1965-01-12,1989-09-12,9999-01-01,Senior Staff
Ziya,Kadhim,1965-01-16,1999-06-24,9999-01-01,Senior Engineer
Florina,Assaf,1965-01-29,1996-05-18,9999-01-01,Staff
Shugo,Reeken,1965-01-30,1999-06-21,9999-01-01,Staff
Xiaobin,Christianini,1965-01-13,1985-12-25,9999-01-01,Senior Staff
Carrsten,Francisci,1965-01-18,1991-06-16,9999-01-01,Senior Engineer
Dhritiman,Anily,1965-01-24,1998-12-16,9999-01-01,Staff
Mahendra,Motley,1965-01-30,1985-09-28,9999-01-01,Senior Staff
Hisao,Peral,1965-01-19,1990-10-03,9999-01-01,Senior Engineer
Heejo,Aamodt,1965-01-18,1992-04-22,9999-01-01,Senior Engineer
Abdelaziz,Sury,1965-01-14,1991-01-31,9999-01-01,Senior Staff
Mori,Homond,1965-01-22,1994-05-10,9999-01-01,Staff
Mantis,Millington,1965-01-14,1991-03-18,9999-01-01,Senior Staff
Adin,Templeman,1965-01-03,1999-08-12,9999-01-01,Engineer
Djenana,Albarhamtoshy,1965-01-16,1988-07-16,9999-01-01,Staff
Visit,Swen,1965-01-07,1995-10-02,9999-01-01,Senior Staff
Susanne,Peternell,1965-01-03,1994-07-27,9999-01-01,Engineer
Beshir,Hellwagner,1965-01-03,1998-02-03,9999-01-01,Engineer
Heping,Halloran,1965-01-31,1992-04-08,9999-01-01,Engineer
Pranjal,Zyda,1965-01-31,1991-07-03,9999-01-01,Staff
Werner,Lodder,1965-01-29,1992-06-17,9999-01-01,Staff
Parviz,Litzler,1965-01-07,1992-08-08,9999-01-01,Engineer
Kwun,Reeker,1965-01-01,1999-07-29,9999-01-01,Technique Leader
Diederik,Matzov,1965-01-29,1995-03-08,9999-01-01,Engineer
Mohamadou,Stafford,1965-01-08,1995-09-12,9999-01-01,Senior Engineer
Haldun,Lienhardt,1965-01-01,1987-01-29,9999-01-01,Senior Staff
Sachem,Cromarty,1965-01-15,1990-08-20,9999-01-01,Assistant Engineer
Naftali,Schurmann,1965-01-14,1992-12-02,9999-01-01,Engineer
Nevio,Thisen,1965-02-01,1988-03-25,9999-01-01,Staff
Lijie,Garrabrants,1965-01-31,1988-10-26,9999-01-01,Staff
Babette,Anandan,1965-01-31,1986-11-22,9999-01-01,Staff
Siamak,Luiz,1965-01-23,1987-02-11,9999-01-01,Senior Engineer
Fabrizio,Chleq,1965-01-23,1999-07-31,9999-01-01,Senior Engineer
Shahab,Crooks,1965-01-13,1992-03-18,9999-01-01,Senior Staff
Ramya,Walston,1965-01-26,1989-02-03,9999-01-01,Staff
Hisao,Ghemri,1965-01-09,1985-11-14,9999-01-01,Senior Staff
Randi,Samarati,1965-01-24,1992-10-20,9999-01-01,Senior Staff
Shai,Stellhorn,1965-01-02,1992-05-21,9999-01-01,Senior Engineer
Oksana,Baek,1965-01-19,1989-07-20,9999-01-01,Staff
Jamaludin,Kandlur,1965-02-01,1992-06-19,9999-01-01,Senior Engineer
Gor,Delgrande,1965-01-11,2002-06-18,9999-01-01,Senior Engineer
Moty,Winter,1965-01-15,1991-04-28,9999-01-01,Technique Leader
Bangqing,Schach,1965-01-21,1988-03-22,9999-01-01,Senior Staff
Menkae,Etalle,1965-01-31,1997-05-21,9999-01-01,Assistant Engineer
Stamatina,Auyong,1965-02-01,1988-07-05,9999-01-01,Senior Staff
Mani,Cannata,1965-01-02,1989-06-21,9999-01-01,Senior Staff
Arco,Walston,1965-01-17,1999-08-16,9999-01-01,Engineer
Hatem,Fadgyas,1965-01-11,1991-11-13,9999-01-01,Senior Engineer
Godehard,Chorvat,1965-01-26,1988-04-10,9999-01-01,Staff
Chuanti,Luff,1965-01-08,1994-09-21,9999-01-01,Senior Staff
Akemi,Fujisaki,1965-01-27,2001-11-13,9999-01-01,Senior Engineer
Kirk,Quaggetto,1965-01-10,1987-06-30,9999-01-01,Engineer
Dinah,Denos,1965-01-09,1992-09-21,9999-01-01,Staff
Susumu,Camurati,1965-01-14,1991-12-15,9999-01-01,Senior Staff
Alejandra,Khasidashvili,1965-01-03,1994-07-30,9999-01-01,Staff
Anneli,Perl,1965-01-15,1992-09-08,9999-01-01,Senior Staff
Fan,Kakkad,1965-01-01,1988-02-25,9999-01-01,Senior Staff
Genta,Terekhov,1965-01-16,1998-07-21,9999-01-01,Assistant Engineer
Waiman,Genin,1965-01-12,1988-10-30,9999-01-01,Engineer
Sudharsan,DeMori,1965-01-02,1992-03-30,9999-01-01,Engineer
Ortrun,Schmiedel,1965-01-16,1997-07-18,9999-01-01,Engineer
Gully,Perko,1965-01-09,1999-07-07,9999-01-01,Engineer
Zvonko,Murthy,1965-01-13,1992-01-07,9999-01-01,Senior Staff
Morris,Saoudi,1965-01-05,1991-11-22,9999-01-01,Senior Engineer
Kerhong,Matzke,1965-01-19,1986-11-14,9999-01-01,Engineer
Isaac,Koshino,1965-01-25,1995-09-28,9999-01-01,Senior Engineer
Giordano,Pietrzykowski,1965-01-17,1987-03-26,9999-01-01,Senior Staff
Hugh,Jonsson,1965-01-03,1991-07-06,9999-01-01,Senior Staff
Zongyan,Gips,1965-01-02,1997-05-31,9999-01-01,Technique Leader
Ewing,DiGiano,1965-01-21,2000-02-01,9999-01-01,Technique Leader
Sasan,Thimonier,1965-01-30,1996-08-21,9999-01-01,Senior Staff
Yefim,Marwedel,1965-01-23,1993-03-30,9999-01-01,Senior Staff
Jessie,Nooteboom,1965-01-10,2000-12-13,9999-01-01,Staff
Susuma,Bergere,1965-01-22,1996-02-25,9999-01-01,Senior Staff
Arve,Worfolk,1965-01-09,1985-04-01,9999-01-01,Senior Staff
Gretta,Huttel,1965-01-03,1990-10-08,9999-01-01,Senior Engineer
Hein,Lichtner,1965-01-22,1998-05-02,9999-01-01,Senior Staff
Franziska,Maginnis,1965-01-27,1986-02-17,9999-01-01,Engineer
Susanne,Mandelberg,1965-01-22,1990-11-02,9999-01-01,Engineer
Yahiko,Awdeh,1965-01-26,1998-08-05,9999-01-01,Engineer
Moni,Kornyak,1965-01-23,1991-09-26,9999-01-01,Technique Leader
Leszek,Spinelli,1965-01-05,1998-12-10,9999-01-01,Staff
Mary,Setiz,1965-01-04,1989-01-13,9999-01-01,Senior Engineer
Stabislas,Broder,1965-01-21,1996-07-16,9999-01-01,Engineer
Kien,Barreiro,1965-01-27,2000-10-24,9999-01-01,Staff
Youjian,Yetto,1965-01-31,1994-12-07,9999-01-01,Senior Staff
Limsoon,Skafidas,1965-01-31,1999-08-10,9999-01-01,Senior Staff
Aiichiro,Kusalik,1965-01-06,1990-10-04,9999-01-01,Engineer
Yucai,Fabrizio,1965-01-07,1999-10-06,9999-01-01,Staff
Guadalupe,Pfau,1965-01-12,1993-03-22,9999-01-01,Senior Staff
Tzu,Sichman,1965-01-21,1987-11-17,9999-01-01,Engineer
Jacqueline,Akaboshi,1965-01-20,1997-12-06,9999-01-01,Engineer
Zhiguo,Ariola,1965-01-13,1994-09-07,9999-01-01,Senior Staff
Kellie,Schrooten,1965-01-25,1991-01-17,9999-01-01,Engineer
Shuji,Barbanera,1965-01-04,1987-08-10,9999-01-01,Senior Staff
Baziley,Falck,1965-01-15,1995-02-18,9999-01-01,Assistant Engineer
Chinya,Kamble,1965-01-16,1992-05-31,9999-01-01,Senior Staff
Remko,Vieth,1965-01-07,1990-11-22,9999-01-01,Senior Staff
Manu,Rothenberg,1965-01-09,1988-12-06,9999-01-01,Engineer
Shen,Flanders,1965-01-11,1989-07-03,9999-01-01,Senior Staff
Larisa,Lukaszewicz,1965-01-27,1996-10-30,9999-01-01,Senior Staff
Phillip,Schade,1965-01-23,1989-03-03,9999-01-01,Engineer
Pranjal,Juneja,1965-01-30,1985-03-21,9999-01-01,Senior Engineer
Xinyu,Edelhoff,1965-01-05,1997-10-26,9999-01-01,Senior Engineer
Krassimir,Garnier,1965-01-19,1998-01-26,9999-01-01,Senior Staff
Dante,Covnot,1965-01-09,1989-05-28,9999-01-01,Senior Staff
Nimmagadda,Baak,1965-01-17,1987-10-30,9999-01-01,Assistant Engineer
Shalesh,Lovengreen,1965-01-28,1990-09-29,9999-01-01,Senior Staff
Lihong,Zeilberger,1965-01-18,1996-04-28,9999-01-01,Staff
Gino,Lagarias,1965-01-19,1997-06-22,9999-01-01,Engineer
Saniya,Stenning,1965-01-25,1986-12-10,9999-01-01,Senior Staff
Werner,Ranze,1965-01-31,1998-06-05,9999-01-01,Staff
Domenico,Ratnaker,1965-01-08,1985-03-24,9999-01-01,Senior Engineer
Gao,Ranze,1965-01-12,1994-11-24,9999-01-01,Senior Engineer
Anwar,Bain,1965-01-07,1989-01-22,9999-01-01,Engineer
Leni,Henders,1965-01-11,1993-11-19,9999-01-01,Senior Staff
Sailaja,Holburn,1965-01-17,1991-03-04,9999-01-01,Senior Staff
Claudi,Stanfel,1965-01-16,1996-01-07,9999-01-01,Engineer
Yongmao,Fontan,1965-01-22,1993-07-26,9999-01-01,Engineer
Tru,Danecki,1965-01-10,1997-03-31,9999-01-01,Staff
Pranas,Narwekar,1965-01-04,1985-09-26,9999-01-01,Engineer
Armond,Perly,1965-02-01,1989-09-14,9999-01-01,Engineer
Xiaoqiang,Cardazo,1965-01-25,1993-05-28,9999-01-01,Senior Staff
Rayond,Klassen,1965-01-15,1993-09-11,9999-01-01,Staff
Peer,Molberg,1965-01-29,1996-11-17,9999-01-01,Engineer
Ingmar,Kohling,1965-01-27,1995-04-25,9999-01-01,Engineer
Shirish,Vickson,1965-01-12,1989-10-24,9999-01-01,Senior Engineer
Arfst,Chepyzhov,1965-01-28,1989-02-06,9999-01-01,Engineer
Gopalakrishnan,Angel,1965-02-01,1997-07-05,9999-01-01,Senior Engineer
Dinkar,Hoppenstand,1965-01-12,1994-05-04,9999-01-01,Engineer
Flemming,Kroha,1965-01-16,1995-01-23,9999-01-01,Staff
Munehiro,Manders,1965-01-15,1987-05-18,9999-01-01,Staff
Sven,Speer,1965-01-08,1999-07-08,9999-01-01,Staff
Pramod,Loncour,1965-01-30,1987-03-31,9999-01-01,Senior Staff
Sahrah,Angiulli,1965-01-24,1986-07-31,9999-01-01,Senior Staff
Aiichiro,Cromarty,1965-01-22,1995-06-10,9999-01-01,Senior Engineer
Byong,Gustavson,1965-01-16,1985-03-12,9999-01-01,Senior Engineer
Xiaocheng,Suermann,1965-01-26,1997-12-15,9999-01-01,Engineer
Ashish,Vidya,1965-01-29,1989-06-16,9999-01-01,Senior Engineer
Lena,Lenart,1965-01-22,1990-12-25,9999-01-01,Senior Staff
Otmar,Engberts,1965-01-11,1993-08-16,9999-01-01,Staff
Masami,Puoti,1965-01-12,2000-01-21,9999-01-01,Senior Engineer
Yuchang,Eldridge,1965-01-21,1986-08-01,9999-01-01,Senior Staff
Yannik,Spelt,1965-01-05,1992-09-22,9999-01-01,Technique Leader
Abdelwaheb,Denis,1965-01-10,1993-09-10,9999-01-01,Engineer
Horward,Marzano,1965-01-14,1996-04-11,9999-01-01,Staff
Jianhao,Molenaar,1965-01-21,1987-10-22,9999-01-01,Engineer
Panayotis,Lukaszewicz,1965-01-02,1989-06-06,9999-01-01,Senior Engineer
Shay,Servieres,1965-02-01,1998-08-06,9999-01-01,Senior Staff
Mokhtar,Poupard,1965-01-26,1992-02-02,9999-01-01,Technique Leader
Jiong,Garnham,1965-01-24,1990-01-02,9999-01-01,Staff
Unal,DuBourdieux,1965-01-16,1996-03-13,9999-01-01,Engineer
Kristine,Bierman,1965-01-18,1988-05-13,9999-01-01,Technique Leader
Aemilian,Kusalik,1965-01-30,1987-05-27,9999-01-01,Engineer
Marsal,Acton,1965-01-06,1995-08-02,9999-01-01,Staff
Subhrajyoti,Denna,1965-01-29,1996-07-25,9999-01-01,Staff
Moie,Zastre,1965-01-22,1991-10-11,9999-01-01,Technique Leader
Susanna,Reeken,1965-01-16,1998-03-16,9999-01-01,Senior Staff
Demos,Asser,1965-01-17,1985-11-04,9999-01-01,Senior Engineer
Reinhard,Slaats,1965-01-09,1994-06-08,9999-01-01,Engineer
Poorav,Laventhal,1965-01-23,1997-08-16,9999-01-01,Staff
Sibyl,Rabehasaina,1965-01-06,1998-02-23,9999-01-01,Senior Staff
Poornachandra,Zielinski,1965-01-08,1996-02-13,9999-01-01,Senior Staff
Yuping,Babb,1965-01-23,1995-01-31,9999-01-01,Senior Staff
Shigenori,Deville,1965-01-25,1992-12-24,9999-01-01,Technique Leader
Nahid,Gyimothy,1965-01-07,1995-08-18,9999-01-01,Staff
Perla,Orlowska,1965-01-17,1998-10-13,9999-01-01,Senior Engineer
Tesuya,dAstous,1965-01-23,1988-11-29,9999-01-01,Senior Engineer
Saddek,Farris,1965-01-13,1990-11-06,9999-01-01,Senior Staff
Abdulah,Pocchiola,1965-01-28,1996-08-28,9999-01-01,Engineer
Djenana,Marrevee,1965-01-06,1994-02-06,9999-01-01,Engineer
Sangeeta,Kalefeld,1965-01-17,1990-06-06,9999-01-01,Senior Staff
Stein,Uludag,1965-01-21,1988-01-30,9999-01-01,Staff
Miyeon,Billingsley,1965-01-20,1992-12-05,9999-01-01,Senior Engineer
Matt,Chvatal,1965-01-20,1994-11-09,9999-01-01,Senior Engineer
Valdiodio,Schlumberger,1965-01-15,1993-08-07,9999-01-01,Assistant Engineer
Badri,Schapire,1965-02-01,1998-01-19,9999-01-01,Assistant Engineer
Kazuhiko,Kushner,1965-01-22,1995-08-01,9999-01-01,Senior Engineer
Annemarie,Zallocco,1965-01-10,1996-12-01,9999-01-01,Engineer
Limsoon,Erol,1965-01-10,1997-12-31,9999-01-01,Senior Engineer
Gopalakrishnan,Suermann,1965-01-28,1991-04-30,9999-01-01,Engineer
Leaf,Awdeh,1965-01-07,1992-10-02,9999-01-01,Senior Staff
Hidefumi,Moehrke,1965-01-20,1998-03-04,9999-01-01,Staff
Chiranjit,Dredge,1965-02-01,1999-09-05,9999-01-01,Technique Leader
Annemarie,Bressoud,1965-01-02,1998-06-23,9999-01-01,Engineer
Perry,Chachaty,1965-01-29,1985-07-22,9999-01-01,Engineer
True,Shobatake,1965-01-24,1996-05-17,9999-01-01,Senior Staff
George,Miake,1965-01-05,1988-01-02,9999-01-01,Senior Staff
Remmert,Quaggetto,1965-01-14,1992-04-28,9999-01-01,Staff
Masasuke,Genin,1965-01-13,1994-06-25,9999-01-01,Assistant Engineer
Ipke,Kieras,1965-01-08,1995-12-18,9999-01-01,Engineer
Ramalingam,Remmele,1965-01-26,1999-09-03,9999-01-01,Senior Engineer
Mooi,Cooman,1965-01-19,1989-06-07,9999-01-01,Engineer
Giordano,Gini,1965-01-28,1993-08-14,9999-01-01,Technique Leader
Herbert,Erva,1965-01-07,1986-09-06,9999-01-01,Engineer
Gio,Murtha,1965-01-12,1986-11-11,9999-01-01,Engineer
Macha,Schnabel,1965-01-11,1988-05-11,9999-01-01,Senior Engineer
Mikhail,Rousseau,1965-01-30,1998-11-30,9999-01-01,Staff
Garnik,Luce,1965-01-23,1998-09-15,9999-01-01,Staff
Francesca,Azuma,1965-01-26,1996-06-08,9999-01-01,Staff
IEEE,Kroll,1965-01-18,1998-02-17,9999-01-01,Engineer
Yuriy,Plump,1965-01-09,1988-09-08,9999-01-01,Senior Staff
Bilhanan,Brendel,1965-01-03,1990-12-23,9999-01-01,Senior Staff
Nahla,Smailagic,1965-01-11,1993-02-12,9999-01-01,Engineer
Berry,Yurek,1965-01-08,1995-08-16,9999-01-01,Senior Staff
Fabrizio,Lichtman,1965-01-21,1987-02-09,9999-01-01,Engineer
Harjit,Terekhov,1965-01-27,1995-10-19,9999-01-01,Staff
Pohua,Tasistro,1965-01-03,1994-11-04,9999-01-01,Technique Leader
Paloma,Henseler,1965-01-15,1991-06-11,9999-01-01,Engineer
Gilbert,Kilgour,1965-01-11,1996-04-05,9999-01-01,Staff
Moni,Schach,1965-01-03,1986-07-04,9999-01-01,Staff
Ewing,Millington,1965-01-23,1999-09-28,9999-01-01,Engineer
Jamaludin,Fordan,1965-01-19,1992-02-06,9999-01-01,Engineer
Tadahiro,Backhouse,1965-01-07,1991-10-02,9999-01-01,Senior Engineer
Bezalel,Radivojevic,1965-01-31,1988-07-02,9999-01-01,Senior Staff
Renny,Alameldin,1965-01-14,1997-09-28,9999-01-01,Assistant Engineer
Yinghua,Lorho,1965-01-31,1991-08-09,9999-01-01,Senior Staff
Kolar,Puppo,1965-01-15,1990-04-25,9999-01-01,Engineer
Shahar,Negoita,1965-01-17,1994-03-19,9999-01-01,Staff
Dietrich,Crabtree,1965-01-14,1986-05-24,9999-01-01,Senior Staff
Takushi,Brattka,1965-01-02,1999-06-03,9999-01-01,Staff
Trygve,Siksek,1965-01-22,1995-11-09,9999-01-01,Staff
Nectarios,Pramanik,1965-01-28,1999-11-18,9999-01-01,Assistant Engineer
Chandrasekaran,Pearson,1965-01-07,1995-04-14,9999-01-01,Staff
Goetz,Alvarado,1965-01-28,1988-12-25,9999-01-01,Engineer
Etsuo,Anandan,1965-01-29,1989-12-13,9999-01-01,Staff
Nitsan,Rouquie,1965-01-11,1988-08-01,9999-01-01,Senior Engineer
Barry,Ramsak,1965-01-23,1990-09-07,9999-01-01,Engineer
Tesuya,Bugrara,1965-01-14,1993-02-13,9999-01-01,Assistant Engineer
Alselm,Gargeya,1965-01-20,1987-12-25,9999-01-01,Senior Engineer
Khalid,Lenart,1965-01-06,1995-12-24,9999-01-01,Engineer
Fay,Sundgren,1965-01-16,1990-07-07,9999-01-01,Staff
Etsuo,Usery,1965-01-12,1995-03-02,9999-01-01,Engineer
Cedric,Riefers,1965-01-17,1994-09-08,9999-01-01,Engineer
Zissis,Lodder,1965-01-14,2000-05-27,9999-01-01,Engineer
Kotesh,Chachaty,1965-01-20,1991-03-25,9999-01-01,Engineer
Baziley,Ballarin,1965-01-30,1987-07-28,9999-01-01,Staff
Kellie,Heydon,1965-01-01,1985-11-11,9999-01-01,Engineer
Luerbio,Terkki,1965-01-07,1991-05-14,9999-01-01,Senior Staff
Foong,Aamodt,1965-01-31,1986-06-28,9999-01-01,Senior Engineer
Irena,Dratva,1965-01-17,1991-09-07,9999-01-01,Senior Staff
Sverrir,Gyimothy,1965-01-21,1995-07-30,9999-01-01,Senior Staff
Gro,Prochazka,1965-01-06,1992-10-16,9999-01-01,Engineer
Anneli,Joslin,1965-01-09,1987-04-12,9999-01-01,Senior Engineer
Gio,Heuser,1965-01-05,1992-06-28,9999-01-01,Staff
Henk,Anger,1965-02-01,1993-01-19,9999-01-01,Senior Staff
Sampalli,Bergere,1965-01-17,1994-04-08,9999-01-01,Senior Engineer
Jayesh,Spinelli,1965-01-03,1999-01-16,9999-01-01,Senior Engineer
IEEE,Raczkowsky,1965-01-31,1996-07-24,9999-01-01,Technique Leader
Yechezkel,Maginnis,1965-01-17,1992-12-11,9999-01-01,Staff
Insup,Reinhard,1965-01-11,1985-04-08,9999-01-01,Staff
Almudena,Rijckaert,1965-01-28,1994-02-16,9999-01-01,Senior Engineer
Huan,Olivero,1965-01-27,1999-11-19,9999-01-01,Staff
Adel,Foote,1965-01-17,2000-03-20,9999-01-01,Staff
Miomir,Frezza,1965-01-12,1991-05-25,9999-01-01,Technique Leader
Uno,Suppi,1965-01-09,1996-12-27,9999-01-01,Staff
Vishv,Angelov,1965-01-10,1988-03-08,9999-01-01,Senior Staff
Minghong,Cronin,1965-01-09,1987-10-04,9999-01-01,Senior Staff
Tadahiko,Pocchiola,1965-01-11,1996-04-02,9999-01-01,Staff
Abdulla,Kitai,1965-01-13,1987-02-20,9999-01-01,Senior Staff
Susumu,Brender,1965-01-01,1993-04-17,9999-01-01,Senior Engineer
Vesna,Fairtlough,1965-01-08,2002-05-07,9999-01-01,Engineer
Sugwoo,Michaels,1965-01-04,1992-08-02,9999-01-01,Senior Engineer
Arunas,Bugrara,1965-01-15,1997-04-03,9999-01-01,Assistant Engineer
Bilhanan,Dusink,1965-01-23,1988-06-04,9999-01-01,Senior Staff
Oscal,Ernst,1965-01-30,1992-05-19,9999-01-01,Staff
Mizuhito,Kobara,1965-02-01,1996-08-09,9999-01-01,Senior Staff
True,Tischendorf,1965-01-24,1986-01-19,9999-01-01,Engineer
Kolar,Greenaway,1965-01-23,1998-11-14,9999-01-01,Staff
Mack,Staylopatis,1965-01-14,1985-04-02,9999-01-01,Engineer
Temple,Cyre,1965-01-02,1992-09-30,9999-01-01,Senior Staff
Francesca,Chorvat,1965-01-06,1992-03-17,9999-01-01,Senior Staff
Cedric,Molenaar,1965-01-23,1990-10-06,9999-01-01,Engineer
Jagoda,Anguita,1965-01-15,1993-05-11,9999-01-01,Senior Engineer
Uri,Lampe,1965-01-29,2001-12-11,9999-01-01,Senior Staff
Emran,Miara,1965-01-18,1989-05-02,9999-01-01,Engineer
Atilio,Olivero,1965-01-28,1985-09-04,9999-01-01,Engineer
Limsoon,Boudaillier,1965-01-30,1999-08-08,9999-01-01,Senior Engineer
Bluma,Fetvedt,1965-01-11,2001-11-14,9999-01-01,Senior Staff
Herb,Murrill,1965-01-09,2001-10-28,9999-01-01,Senior Engineer
Tomokazu,Pargas,1965-01-12,1996-11-15,9999-01-01,Engineer
Richara,Sudkamp,1965-01-05,1989-09-05,9999-01-01,Staff
Bingning,Iisaku,1965-01-08,1989-06-26,9999-01-01,Senior Staff
Kazuyasu,Levergood,1965-01-11,1996-02-10,9999-01-01,Engineer
Bowen,Deverell,1965-01-02,1998-12-27,9999-01-01,Senior Staff
Kazunori,Perz,1965-02-01,1999-02-25,9999-01-01,Senior Engineer
Abdulah,Lodder,1965-01-04,1996-11-10,9999-01-01,Senior Staff
Marjo,Delgrange,1965-01-16,1990-06-24,9999-01-01,Staff
Arch,Basawa,1965-01-09,1998-05-10,9999-01-01,Staff
Mokhtar,Rebaine,1965-01-10,1991-07-23,9999-01-01,Senior Staff
Masoud,Suwa,1965-01-22,1998-10-10,9999-01-01,Senior Staff
Boaz,Seuren,1965-01-31,1987-03-27,9999-01-01,Staff
Rosli,Butner,1965-01-25,1991-03-20,9999-01-01,Assistant Engineer
Poorav,Clouatre,1965-01-27,1996-05-06,9999-01-01,Senior Engineer
Shigenori,Hertweck,1965-01-15,1987-04-13,9999-01-01,Senior Engineer
Arunachalam,Oppitz,1965-01-04,1986-05-20,9999-01-01,Senior Staff
Filipp,Winter,1965-01-23,1996-10-24,9999-01-01,Engineer
Gift,Bottner,1965-01-31,1995-03-04,9999-01-01,Senior Staff
Manohar,Kilgore,1965-01-18,1998-11-17,9999-01-01,Staff
Zhongwei,Melski,1965-01-30,1987-09-04,9999-01-01,Engineer
George,Casperson,1965-01-09,2000-01-20,9999-01-01,Staff
Alper,Tiemann,1965-01-06,1998-10-29,9999-01-01,Engineer
Shuzo,Czaja,1965-01-04,1997-11-29,9999-01-01,Staff
Tianruo,Strooper,1965-01-09,2001-12-07,9999-01-01,Senior Staff
Shih,Shanbhogue,1965-01-27,1998-04-19,9999-01-01,Staff
Seongbae,Schahn,1965-01-17,1992-12-10,9999-01-01,Staff
Xiaobin,Narlikar,1965-01-23,1992-02-14,9999-01-01,Senior Staff
Tzu,Bakhtari,1965-01-28,1994-03-18,9999-01-01,Engineer
Masako,Bahk,1965-01-16,1997-07-31,9999-01-01,Engineer
Chiranjit,Constantine,1965-01-04,1997-05-25,9999-01-01,Engineer
Xiong,Anick,1965-01-02,1991-04-23,9999-01-01,Senior Staff
Abdelghani,Lagarias,1965-01-15,1985-09-06,9999-01-01,Engineer
Sajjan,Falby,1965-01-05,1996-08-29,9999-01-01,Staff
Jaana,Milicia,1965-02-01,1985-06-02,9999-01-01,Senior Staff
Snehasis,Muhlberg,1965-02-01,1994-12-25,9999-01-01,Staff
Percy,Sudbeck,1965-01-29,1996-08-29,9999-01-01,Assistant Engineer
Hideyuki,Decleir,1965-01-21,1994-05-04,9999-01-01,Senior Engineer
Ute,Pokrovskii,1965-01-26,1997-06-09,9999-01-01,Staff
Ayonca,Matzov,1965-01-16,1988-06-03,9999-01-01,Engineer
Dmitry,Velardi,1965-01-07,1995-10-20,9999-01-01,Engineer
Nechama,Gaughan,1965-01-12,1993-07-09,9999-01-01,Engineer
Jolita,Neimat,1965-01-04,1993-12-27,9999-01-01,Engineer
Steen,Gubsky,1965-01-15,1989-01-14,9999-01-01,Staff
Georgi,Luiz,1965-01-21,1991-06-10,9999-01-01,Engineer
Ranga,Sommen,1965-01-27,1989-01-20,9999-01-01,Senior Staff
Alexius,Plavsic,1965-01-14,2000-01-17,9999-01-01,Senior Engineer
Kish,Turnbull,1965-01-27,1987-02-10,9999-01-01,Senior Engineer
Hinrich,Hooghiemstra,1965-01-22,1985-10-05,9999-01-01,Senior Staff
Yucel,Bernini,1965-01-07,1993-02-19,9999-01-01,Senior Engineer
Pintsang,Impagliazzo,1965-01-30,1989-05-06,9999-01-01,Senior Staff
Divier,Kumaresan,1965-01-11,1992-12-05,9999-01-01,Senior Staff
Utpal,DuBourdieux,1965-01-01,1997-11-19,9999-01-01,Technique Leader
Shichao,Iwayama,1965-01-20,1989-10-17,9999-01-01,Engineer
Bezalel,Tsunoo,1965-01-06,1992-06-17,9999-01-01,Senior Staff
Moty,Sommen,1965-01-05,1990-08-14,9999-01-01,Senior Engineer
Mitsuyuki,Zockler,1965-01-01,1998-09-14,9999-01-01,Technique Leader
Chaosheng,Conta,1965-01-01,1997-04-14,9999-01-01,Assistant Engineer
Gill,Niizuma,1965-01-07,1994-10-08,9999-01-01,Senior Engineer
Sanjeeva,Peron,1965-01-01,1993-12-26,9999-01-01,Engineer
Thodoros,Thimonier,1965-01-13,1995-04-05,9999-01-01,Engineer
Insup,Hainaut,1965-01-05,1998-02-11,9999-01-01,Staff
Stafford,Terlouw,1965-01-28,1999-02-21,9999-01-01,Assistant Engineer
Huiqun,Trystram,1965-01-04,1993-05-10,9999-01-01,Senior Engineer
Gunilla,Brendel,1965-01-16,1992-04-10,9999-01-01,Senior Engineer
Armond,Lores,1965-01-24,1999-09-16,9999-01-01,Technique Leader
Tonny,Couchot,1965-01-24,1994-12-12,9999-01-01,Staff
Huan,Roccetti,1965-01-18,1985-07-03,9999-01-01,Senior Engineer
Oldrich,Cyre,1965-01-20,1985-02-10,9999-01-01,Senior Engineer
Heejo,Merle,1965-01-31,1997-09-04,9999-01-01,Technique Leader
Halsur,Brodal,1965-01-01,1997-11-22,9999-01-01,Engineer
Hongzue,Barbanera,1965-01-03,1987-06-17,9999-01-01,Staff
Ioana,Jakobus,1965-01-03,1990-08-10,9999-01-01,Engineer
Heather,Pehl,1965-01-03,1993-09-15,9999-01-01,Staff
Stabislas,Pardalos,1965-01-24,1989-06-21,9999-01-01,Engineer
Pascal,Bernatsky,1965-01-06,1988-09-03,9999-01-01,Staff
Anyuan,Hanratty,1965-01-22,1988-01-06,9999-01-01,Senior Staff
Shaowei,Nicolson,1965-01-01,1986-12-07,9999-01-01,Staff
Mountaz,Reinhart,1965-01-07,2001-07-03,9999-01-01,Engineer
Mariusz,Zolotykh,1965-01-17,1990-07-28,9999-01-01,Senior Staff
Weiwu,Butner,1965-01-04,1995-02-14,9999-01-01,Staff
Przemyslawa,Esposito,1965-01-11,1992-02-27,9999-01-01,Engineer
Xiaoqiang,Farrow,1965-01-12,1997-01-01,9999-01-01,Staff
Palash,Gammage,1965-01-27,1987-10-23,9999-01-01,Staff
Xiahua,Gomatam,1965-01-22,1989-12-01,9999-01-01,Senior Engineer
Shuichi,Marrakchi,1965-01-27,1990-08-21,9999-01-01,Senior Staff
Conal,Magliocco,1965-01-21,1992-05-09,9999-01-01,Senior Staff
Stepehn,Bouloucos,1965-01-24,1993-12-13,9999-01-01,Senior Staff
Mingdong,Baar,1965-01-28,1991-10-14,9999-01-01,Technique Leader
Vugranam,Beausoleil,1965-01-22,1998-05-14,9999-01-01,Staff
Reinhold,Rahier,1965-01-25,1997-10-09,9999-01-01,Engineer
Hatem,Birsak,1965-01-30,1989-04-10,9999-01-01,Senior Staff
Sasan,Brookner,1965-01-19,1996-09-03,9999-01-01,Staff
Dzung,Pargas,1965-01-14,1990-05-17,9999-01-01,Technique Leader
Masako,Kornatzky,1965-01-30,1987-08-29,9999-01-01,Senior Engineer
Jianhua,Huttel,1965-01-08,1998-02-23,9999-01-01,Engineer
Berni,Assaf,1965-01-11,1989-09-08,9999-01-01,Senior Staff
Mark,Lindqvist,1965-01-23,1990-11-22,9999-01-01,Engineer
Gila,Ramsak,1965-01-21,1997-05-13,9999-01-01,Senior Engineer
Volkmar,Czaja,1965-01-16,1992-04-01,9999-01-01,Senior Staff
Mrinalini,Holburn,1965-01-16,1987-05-23,9999-01-01,Senior Staff
Chinho,Bottner,1965-01-22,1985-07-29,9999-01-01,Assistant Engineer
Mayuko,Vural,1965-01-03,1997-12-24,9999-01-01,Staff
Lorien,Lagarias,1965-01-30,1985-10-10,9999-01-01,Senior Staff
Tamiya,Reutenauer,1965-01-04,1992-04-10,9999-01-01,Senior Engineer
Pramod,Bierman,1965-01-04,1997-12-12,9999-01-01,Engineer
Piyush,Gill,1965-01-01,1995-02-20,9999-01-01,Senior Engineer
Hideo,Buchter,1965-01-09,1999-05-01,9999-01-01,Staff
Danny,Lowrie,1965-01-22,1995-09-13,9999-01-01,Technique Leader
Shakhar,Ranze,1965-01-03,1999-05-29,9999-01-01,Staff
Atreye,Kabayashi,1965-01-09,1986-12-15,9999-01-01,Senior Engineer
Mingsen,Lally,1965-01-19,1990-12-04,9999-01-01,Senior Engineer
Mechthild,Zongker,1965-01-17,1993-07-26,9999-01-01,Senior Staff
Fusako,Schwartzbauer,1965-01-03,1985-04-07,9999-01-01,Senior Staff
Zdislav,Solares,1965-01-15,1990-12-14,9999-01-01,Assistant Engineer
Baoqiu,Tomescu,1965-01-25,1996-05-01,9999-01-01,Senior Engineer
Leandro,Swist,1965-01-03,1991-01-06,9999-01-01,Senior Staff
Noritoshi,Bakhtari,1965-01-13,1993-02-03,9999-01-01,Senior Staff
Bogdan,Bahi,1965-01-10,1999-02-13,9999-01-01,Engineer
Navid,Staudhammer,1965-01-03,1992-10-18,9999-01-01,Senior Staff
Kensei,Salverda,1965-01-04,1993-05-25,9999-01-01,Senior Engineer
Susuma,Kleiser,1965-01-31,1987-08-02,9999-01-01,Senior Staff
Miquel,Halloran,1965-01-15,1994-01-14,9999-01-01,Senior Staff
Fan,Marsiglia,1965-01-20,1989-09-03,9999-01-01,Engineer
Zsolt,Anily,1965-02-01,1985-08-19,9999-01-01,Staff
Sumant,Nishimukai,1965-01-15,1991-03-28,9999-01-01,Senior Staff
Zvonko,Serdy,1965-01-23,1987-06-24,9999-01-01,Senior Staff
Anwar,Gubsky,1965-01-08,1993-08-09,9999-01-01,Staff
Mart,Plumb,1965-01-10,1986-04-21,9999-01-01,Senior Staff
Mokhtar,Sabnani,1965-01-11,1997-02-04,9999-01-01,Staff
Moie,Tempesti,1965-01-09,1991-06-29,9999-01-01,Senior Staff
Susuma,Tagansky,1965-01-10,1995-01-22,9999-01-01,Engineer
Jordanka,Axelband,1965-01-06,1994-06-27,9999-01-01,Senior Staff
Irena,Kaiserswerth,1965-01-05,1987-09-05,9999-01-01,Staff
Narain,Mikschl,1965-01-28,1997-11-02,9999-01-01,Engineer
LiMin,Teitelbaum,1965-01-07,1990-11-01,9999-01-01,Senior Engineer
Naftali,Kragelund,1965-01-12,1987-05-16,9999-01-01,Staff
Ulises,Frolund,1965-01-11,1986-07-26,9999-01-01,Senior Staff
Shunichi,Baer,1965-01-19,1998-02-04,9999-01-01,Staff
Dannz,Zhang,1965-02-01,1991-06-26,9999-01-01,Senior Staff
Taisook,Kampfer,1965-01-10,1997-11-30,9999-01-01,Engineer
Odoardo,Tyugu,1965-01-16,1994-11-07,9999-01-01,Engineer
Tsutomu,Neiman,1965-01-13,1996-07-31,9999-01-01,Staff
Gully,Mitchem,1965-01-19,1986-01-22,9999-01-01,Senior Staff
Surveyors,Muhling,1965-01-05,1999-07-19,9999-01-01,Engineer
Mitsuyuki,Isard,1965-01-10,2002-02-27,9999-01-01,Engineer
Holgard,Hegner,1965-01-16,1993-07-15,9999-01-01,Staff
Minghong,Candan,1965-02-01,1994-02-10,9999-01-01,Assistant Engineer
Divine,Hofmeyr,1965-01-26,1989-04-14,9999-01-01,Technique Leader
Brigham,Asmuth,1965-01-26,1989-01-23,9999-01-01,Senior Engineer
Wayne,Baba,1965-01-10,1998-03-07,9999-01-01,Engineer
Hongzhu,Beetstra,1965-01-01,1997-08-18,9999-01-01,Senior Staff
Gunilla,Matzen,1965-01-13,1990-12-28,9999-01-01,Senior Staff
Mingsen,Weiland,1965-01-01,1995-10-12,9999-01-01,Staff
Prodip,Ritcey,1965-01-10,1986-09-10,9999-01-01,Staff
Ranga,Waymire,1965-01-29,1997-01-27,9999-01-01,Senior Staff
Yefim,Pettey,1965-01-10,1993-08-07,9999-01-01,Staff
Satyanarayana,Brandsma,1965-01-07,1999-12-08,9999-01-01,Engineer
Vojin,Laventhal,1965-01-21,1991-10-18,9999-01-01,Senior Engineer
Limsoon,Leppanen,1965-01-16,1993-01-21,9999-01-01,Engineer
Shen,Yamaashi,1965-01-13,1995-02-19,9999-01-01,Staff
Ayakannu,Heinisuo,1965-01-22,1986-06-28,9999-01-01,Senior Staff
Jiann,Munro,1965-01-08,1988-05-18,9999-01-01,Senior Engineer
Uma,Prampolini,1965-01-29,1991-02-21,9999-01-01,Senior Engineer
Holgard,Stavenow,1965-01-04,1986-02-28,9999-01-01,Senior Staff
Mari,Swick,1965-01-10,1991-04-08,9999-01-01,Senior Staff
Sajjad,Vecchi,1965-01-30,1993-06-02,9999-01-01,Senior Staff
Isaac,Klerer,1965-01-10,1995-03-19,9999-01-01,Senior Staff
Atilio,Randi,1965-01-27,1988-07-02,9999-01-01,Senior Engineer
Hideyuki,Flanders,1965-01-27,1988-11-10,9999-01-01,Senior Engineer
Gift,Solares,1965-01-01,1995-08-01,9999-01-01,Senior Staff
Alois,Sanella,1965-01-19,1998-03-13,9999-01-01,Staff
Vitali,Rothenberg,1965-01-03,1989-10-04,9999-01-01,Senior Staff
Uzi,Kugler,1965-01-09,1991-01-12,9999-01-01,Senior Staff
Rayond,Schach,1965-01-16,1995-04-22,9999-01-01,Senior Engineer
Herbert,Itzigehl,1965-01-27,1990-07-04,9999-01-01,Senior Engineer
Michaela,Fandrianto,1965-01-22,1986-06-02,9999-01-01,Senior Engineer
Boaz,Bottner,1965-01-19,1994-02-06,9999-01-01,Staff
Caolyn,Poujol,1965-01-15,1995-12-03,9999-01-01,Technique Leader
Sudhanshu,Toyoshima,1965-01-07,1987-08-29,9999-01-01,Senior Staff
Munenori,Shobatake,1965-01-14,1992-01-10,9999-01-01,Senior Staff
Jaana,Werthner,1965-01-02,1989-07-27,9999-01-01,Staff
Jeanna,Ghandeharizadeh,1965-01-26,1990-08-11,9999-01-01,Senior Engineer
Maren,DuCasse,1965-01-05,1997-11-29,9999-01-01,Engineer
Niranjan,Debuse,1965-01-09,1992-09-21,9999-01-01,Senior Engineer
Chiranjit,Lyonns,1965-01-10,1986-12-24,9999-01-01,Assistant Engineer
Niteen,Ebeling,1965-01-24,1988-03-29,9999-01-01,Senior Staff
Lenore,Badache,1965-01-26,1998-11-24,9999-01-01,Staff
Jahangir,Hofting,1965-01-31,1986-09-28,9999-01-01,Senior Staff
Kish,Herbst,1965-01-13,1996-08-18,9999-01-01,Staff
Heeju,Lorys,1965-01-04,1986-12-27,9999-01-01,Senior Engineer
Zijian,Covnot,1965-01-08,1994-09-13,9999-01-01,Assistant Engineer
Khosrow,Sommen,1965-01-06,1990-03-03,9999-01-01,Senior Engineer
Parke,Staylopatis,1965-01-29,1993-07-31,9999-01-01,Engineer
Masanao,Papastamatiou,1965-01-17,1985-11-25,9999-01-01,Senior Engineer
Alper,Shinomoto,1965-01-16,1997-10-20,9999-01-01,Engineer
Nahla,Serdy,1965-01-25,1993-09-09,9999-01-01,Staff
Xinglin,Haldar,1965-01-13,1988-07-20,9999-01-01,Staff
Nahum,Codenie,1965-01-18,1999-06-14,9999-01-01,Engineer
Zijian,Lammel,1965-01-03,1996-07-01,9999-01-01,Staff
Fay,Bellmore,1965-01-05,1989-05-03,9999-01-01,Engineer
Ishfaq,Mahmud,1965-01-22,1991-11-29,9999-01-01,Senior Staff
Pintsang,Fujisawa,1965-01-25,1996-04-16,9999-01-01,Senior Staff
Duri,Beznosov,1965-01-03,1988-02-15,9999-01-01,Senior Engineer
Oksana,Redmiles,1965-01-15,1985-06-22,9999-01-01,Senior Engineer
Theron,Ressouche,1965-01-04,1988-08-17,9999-01-01,Engineer
Martijn,Azevdeo,1965-01-21,1988-02-10,9999-01-01,Senior Engineer
Gal,Ranta,1965-01-11,1992-11-07,9999-01-01,Engineer
Moto,Kobara,1965-01-05,1991-12-12,9999-01-01,Engineer
Anneke,Hammerschmidt,1965-01-16,1996-01-30,9999-01-01,Engineer
Xiaocheng,Kumaresan,1965-01-02,1994-10-03,9999-01-01,Staff
Lena,Kohling,1965-01-27,1986-10-04,9999-01-01,Engineer
Kellyn,Bage,1965-01-09,1994-11-04,9999-01-01,Senior Staff
Arnould,Buescher,1965-01-02,1998-03-26,9999-01-01,Engineer
Utpal,Zaumen,1965-01-21,1991-02-25,9999-01-01,Staff
Jaques,Nanard,1965-01-28,1996-07-16,9999-01-01,Staff
Toshimitsu,Seuren,1965-01-06,1995-01-19,9999-01-01,Senior Staff
Behnaam,Bierbaum,1965-01-26,1999-01-31,9999-01-01,Engineer
Nahum,Nishimukai,1965-01-27,1994-07-29,9999-01-01,Engineer
Sigeru,Versino,1965-01-24,1998-08-31,9999-01-01,Engineer
Woody,Trelles,1965-01-01,1996-05-23,9999-01-01,Senior Engineer
Steve,Dengi,1965-02-01,1999-09-15,9999-01-01,Staff
Youjian,Felder,1965-01-13,1993-07-15,9999-01-01,Senior Staff
Elliott,Speer,1965-01-05,1998-08-08,9999-01-01,Engineer
Shigeaki,Gihr,1965-01-01,1994-03-18,9999-01-01,Senior Engineer
Jovan,Hockney,1965-01-18,1990-06-21,9999-01-01,Engineer
Sailaja,Negoita,1965-01-06,1988-01-20,9999-01-01,Senior Engineer
Aamod,Ranka,1965-01-23,1992-12-07,9999-01-01,Senior Staff
Vidar,Ozeki,1965-01-09,1996-06-17,9999-01-01,Technique Leader
Randi,Munos,1965-01-23,1990-09-07,9999-01-01,Senior Staff
Troy,Kobuchi,1965-01-09,1991-02-12,9999-01-01,Engineer
Kauko,Narwekar,1965-01-22,1985-12-16,9999-01-01,Engineer
Shay,Heystek,1965-01-25,1989-04-01,9999-01-01,Staff
Masoud,Asmuth,1965-01-11,1994-09-05,9999-01-01,Staff
Yifei,Birjandi,1965-01-16,1994-02-07,9999-01-01,Staff
Cristinel,Gerlach,1965-01-02,1996-01-09,9999-01-01,Engineer
Susumu,Swiss,1965-01-21,1991-11-15,9999-01-01,Senior Staff
Horward,Khasidashvili,1965-01-31,1998-11-19,9999-01-01,Senior Engineer
Bedrich,Rosenbaum,1965-01-30,1991-01-27,9999-01-01,Engineer
Bowen,Narwekar,1965-01-20,1985-03-08,9999-01-01,Senior Engineer
Fai,Maccarone,1965-01-31,1985-10-30,9999-01-01,Senior Staff
Soenke,Lemarechal,1965-01-04,1994-09-04,9999-01-01,Staff
Hilari,Vecchio,1965-01-09,1993-04-24,9999-01-01,Senior Staff
Zijian,Rindone,1965-01-22,1989-07-09,9999-01-01,Senior Staff
Boalin,Byoun,1965-01-15,1990-10-01,9999-01-01,Senior Staff
Kwangjo,Menhardt,1965-01-08,1996-01-11,9999-01-01,Engineer
Gregory,Collavizza,1965-01-25,1987-09-09,9999-01-01,Staff
Shaowen,Poulakidas,1965-01-29,1987-04-15,9999-01-01,Senior Staff
Tsvetan,Sherertz,1965-01-03,1989-08-07,9999-01-01,Engineer
Shigehiro,Oxenboll,1965-01-09,1986-02-26,9999-01-01,Senior Engineer
Lalit,Blokdijk,1965-01-26,1999-02-01,9999-01-01,Senior Engineer
Danai,Trelles,1965-01-07,1997-08-26,9999-01-01,Technique Leader
Siamak,Gomatam,1965-01-30,1998-07-08,9999-01-01,Engineer
Faiza,Bach,1965-01-04,1999-09-13,9999-01-01,Engineer
Menkae,Showalter,1965-01-23,1996-08-09,9999-01-01,Engineer
Khatoun,Pulkowski,1965-01-09,2002-01-09,9999-01-01,Engineer
Masaru,Huhdanpaa,1965-01-17,1996-11-23,9999-01-01,Senior Engineer
Hongzue,Zultner,1965-01-28,1990-02-22,9999-01-01,Senior Staff
Georgi,Bednarek,1965-01-27,1994-03-02,9999-01-01,Engineer
Bernd,Thummel,1965-01-04,1989-08-03,9999-01-01,Assistant Engineer
Ziya,Tokunaga,1965-01-10,1986-01-08,9999-01-01,Engineer
Hideyuki,Slaats,1965-01-12,1987-05-30,9999-01-01,Senior Staff
Syozo,Maliniak,1965-01-21,1993-06-06,9999-01-01,Senior Staff
Moti,Steenbeek,1965-01-24,1987-01-22,9999-01-01,Engineer
Fumiya,Griswold,1965-01-15,1986-06-12,9999-01-01,Senior Engineer
Sanjay,Litecky,1965-01-25,1995-08-27,9999-01-01,Engineer
Jungsoon,Bail,1965-01-04,1986-02-18,9999-01-01,Senior Staff
Takanari,Ermel,1965-01-09,1992-01-11,9999-01-01,Senior Staff
Marl,Fiebach,1965-01-12,1994-07-26,9999-01-01,Senior Staff
Claudi,Ruemmler,1965-01-27,1999-08-13,9999-01-01,Staff
Siddarth,Rosiles,1965-01-14,1985-11-18,9999-01-01,Senior Engineer
Ashish,Candan,1965-01-04,1992-02-02,9999-01-01,Senior Staff
Hironobu,Brodie,1965-01-27,1998-12-21,9999-01-01,Engineer
Vesna,Lammel,1965-01-28,1999-10-08,9999-01-01,Assistant Engineer
Caolyn,Ozeri,1965-01-15,1986-07-29,9999-01-01,Engineer
Fun,Keirsey,1965-01-01,1985-07-09,9999-01-01,Senior Staff
Kauko,Fujisawa,1965-01-24,1987-09-13,9999-01-01,Engineer
Xuejun,Pfau,1965-01-15,1985-07-24,9999-01-01,Staff
Jacopo,Bellone,1965-01-04,1988-03-13,9999-01-01,Technique Leader
Moon,Pews,1965-01-22,1994-08-06,9999-01-01,Assistant Engineer
Eben,Calkin,1965-01-28,1996-12-19,9999-01-01,Senior Staff
Val,Barvinok,1965-01-04,1990-01-02,9999-01-01,Senior Engineer
Chiranjit,Serot,1965-01-18,1997-04-04,9999-01-01,Staff
Kankanahalli,Ciolek,1965-01-17,1989-12-26,9999-01-01,Senior Staff
Shaz,Driscoll,1965-01-29,1998-10-03,9999-01-01,Staff
Mariangiola,Heyers,1965-01-28,1992-08-04,9999-01-01,Technique Leader
Charmane,Simmen,1965-01-03,1989-03-07,9999-01-01,Senior Staff
Dipayan,Geffroy,1965-01-31,1987-09-17,9999-01-01,Senior Engineer
Palash,Spieker,1965-01-02,1991-05-11,9999-01-01,Senior Staff
Kamakshi,Bahl,1965-01-30,1987-12-22,9999-01-01,Senior Engineer
Lokesh,Saoudi,1965-01-16,1999-05-25,9999-01-01,Senior Staff
Cathie,Ratnakar,1965-01-12,1996-06-23,9999-01-01,Senior Staff
Irena,Terkki,1965-01-13,1998-03-11,9999-01-01,Staff
Marc,Bahl,1965-01-12,1997-06-18,9999-01-01,Assistant Engineer
Sailaja,Fujisaki,1965-01-13,1995-07-24,9999-01-01,Assistant Engineer
King,Benzmuller,1965-01-11,1986-09-04,9999-01-01,Engineer
Florina,Litecky,1965-01-11,1985-12-02,9999-01-01,Senior Staff
Zita,Syang,1965-02-01,1998-12-29,9999-01-01,Staff
Fumitake,Sichman,1965-01-09,1991-02-21,9999-01-01,Senior Staff
Luisa,Itzfeldt,1965-01-21,1997-01-23,9999-01-01,Engineer
Denny,Shobatake,1965-01-15,1997-06-22,9999-01-01,Senior Staff
Patricio,Itzfeldt,1965-02-01,1985-05-21,9999-01-01,Senior Staff
Hilari,Christ,1965-01-12,1996-10-07,9999-01-01,Senior Staff
Angus,Jullig,1965-01-31,1989-04-13,9999-01-01,Senior Engineer
Kamakshi,Manders,1965-01-28,1995-08-05,9999-01-01,Staff
Poornachandra,Asser,1965-01-09,1993-11-07,9999-01-01,Engineer
Bodo,Halevi,1965-01-10,1996-05-30,9999-01-01,Engineer
Danae,Kragelund,1965-01-27,1987-05-20,9999-01-01,Staff
Oguz,Schurmann,1965-01-16,1986-11-11,9999-01-01,Assistant Engineer
Martins,Shokrollahi,1965-01-30,1986-11-04,9999-01-01,Engineer
Florian,Uhrig,1965-01-06,1987-01-31,9999-01-01,Senior Staff
Yannik,Falco,1965-01-13,1988-01-15,9999-01-01,Technique Leader
Shigehito,Duclos,1965-01-20,1987-09-20,9999-01-01,Engineer
Kersti,Granlund,1965-01-21,1995-03-19,9999-01-01,Engineer
Subhada,Janetzko,1965-01-04,1987-01-25,9999-01-01,Senior Engineer
Jeanna,Rettelbach,1965-01-17,1990-02-14,9999-01-01,Engineer
Weidon,Pollacia,1965-01-28,2002-03-24,9999-01-01,Senior Staff
Toshimitsu,Sluis,1965-01-16,1985-02-18,9999-01-01,Senior Engineer
Deborah,Kaminger,1965-01-07,1988-06-04,9999-01-01,Senior Staff
Krisda,Hainaut,1965-01-19,1995-07-08,9999-01-01,Senior Staff
Jeanna,Bratten,1965-01-10,1990-07-26,9999-01-01,Senior Engineer
Valery,Babb,1965-01-11,1998-10-19,9999-01-01,Senior Engineer
Zengping,Kakkar,1965-01-12,1988-07-22,9999-01-01,Senior Engineer
Anestis,Setlzner,1965-01-09,1985-07-13,9999-01-01,Engineer
Eberhardt,Spelt,1965-01-31,1997-07-05,9999-01-01,Staff
Manu,Junet,1965-01-13,1991-04-20,9999-01-01,Senior Staff
Basem,Beausoleil,1965-01-16,1998-03-16,9999-01-01,Engineer
Morris,Fargier,1965-01-02,1988-06-29,9999-01-01,Senior Staff
Yechezkel,Yurov,1965-01-26,2001-11-16,9999-01-01,Senior Engineer
Georgi,Portugali,1965-01-25,1987-09-27,9999-01-01,Technique Leader
Marek,Tomescu,1965-01-09,1995-05-15,9999-01-01,Senior Engineer
Parviz,Picco,1965-01-25,1995-04-16,9999-01-01,Engineer
Malu,Ossenbruggen,1965-02-01,1986-11-21,9999-01-01,Senior Staff
Alexius,Crouzet,1965-01-24,1999-10-05,9999-01-01,Staff
Tommaso,Raczkowsky,1965-01-25,1996-08-29,9999-01-01,Staff
Fei,Erez,1965-02-01,1988-04-02,9999-01-01,Senior Engineer
Shridhar,Chleq,1965-01-01,1986-03-22,9999-01-01,Engineer
Geoffrey,Ladret,1965-01-05,1994-01-03,9999-01-01,Engineer
Irene,Sethi,1965-01-21,2000-08-12,9999-01-01,Senior Engineer
Tsz,Daescu,1965-01-19,1994-09-28,9999-01-01,Staff
Uno,Solares,1965-01-29,1994-09-22,9999-01-01,Senior Staff
Mayuri,Werthner,1965-01-13,2001-02-20,9999-01-01,Senior Staff
Yongqiao,Cochrane,1965-01-09,1986-10-27,9999-01-01,Staff
Jolita,Claffy,1965-01-26,1993-12-24,9999-01-01,Senior Engineer
Willard,Verspoor,1965-01-06,1999-02-28,9999-01-01,Engineer
Dekang,Tsunoo,1965-01-15,1995-01-19,9999-01-01,Technique Leader
Frazer,Candan,1965-01-15,1999-03-05,9999-01-01,Senior Engineer
Divier,Ishibashi,1965-02-01,1989-09-22,9999-01-01,Engineer
Xiadong,McClurg,1965-01-11,1985-09-17,9999-01-01,Staff
Duri,Mitina,1965-01-08,1990-03-04,9999-01-01,Engineer
Kazuhisa,Riesenhuber,1965-01-19,1992-10-06,9999-01-01,Senior Engineer
Gudjon,Kalorkoti,1965-01-18,1994-04-14,9999-01-01,Senior Engineer
Ronnie,Denos,1965-01-17,1992-06-08,9999-01-01,Senior Engineer
Koichi,Grabner,1965-01-06,2000-04-05,9999-01-01,Senior Engineer
Otmar,Brandsma,1965-01-29,1987-05-28,9999-01-01,Senior Engineer
Martine,Cangellaris,1965-01-08,1992-04-28,9999-01-01,Senior Engineer
Goncalo,Barbanera,1965-01-08,1996-09-01,9999-01-01,Senior Staff
Mitsuyuki,Jeansoulin,1965-01-15,1999-10-28,9999-01-01,Senior Engineer
Leen,Peak,1965-01-03,1999-11-20,9999-01-01,Engineer
Hsiangchu,Taubenfeld,1965-01-26,1993-04-17,9999-01-01,Staff
Mototsugu,Prampolini,1965-01-09,1988-06-12,9999-01-01,Senior Staff
Remco,Duclos,1965-01-05,1988-04-18,9999-01-01,Senior Staff
Harjit,Ernst,1965-01-02,1992-04-26,9999-01-01,Technique Leader
Mohamadou,Grabner,1965-01-09,1991-11-25,9999-01-01,Staff
Marco,Jahnichen,1965-01-24,1995-03-28,9999-01-01,Senior Staff
Tadanori,Msuda,1965-01-31,1993-02-20,9999-01-01,Engineer
Wuxu,Kuhnemann,1965-01-17,1997-08-19,9999-01-01,Engineer
Bernd,Anick,1965-01-03,1988-11-19,9999-01-01,Senior Engineer
Elliott,Copas,1965-01-22,1994-09-13,9999-01-01,Senior Engineer
Ipke,Schneeberger,1965-01-21,1985-09-20,9999-01-01,Senior Engineer
Chinho,Delgrande,1965-01-06,1996-11-07,9999-01-01,Senior Staff
Dayanand,Wielonsky,1965-01-28,1999-02-28,9999-01-01,Staff
Juyoung,Willoner,1965-01-17,1989-11-03,9999-01-01,Senior Staff
Juyoung,Peltason,1965-01-03,1998-09-01,9999-01-01,Assistant Engineer
Shigeo,Emmart,1965-01-22,1995-12-24,9999-01-01,Assistant Engineer
Conal,Shackell,1965-01-19,1995-02-23,9999-01-01,Senior Staff
Mrinalini,Bierbaum,1965-01-21,1986-03-12,9999-01-01,Engineer
Alain,Lieberherr,1965-01-08,1987-05-11,9999-01-01,Engineer
Nectarios,Itschner,1965-01-29,1990-03-02,9999-01-01,Engineer
Adamantios,Heemskerk,1965-01-22,1986-08-08,9999-01-01,Senior Staff
Kannan,Meriste,1965-01-15,1992-08-12,9999-01-01,Senior Engineer
Nathalie,Luke,1965-01-28,1987-09-16,9999-01-01,Assistant Engineer
Tokuyasu,Xiaoshan,1965-01-14,1991-09-19,9999-01-01,Senior Engineer
Gio,Orsini,1965-01-02,1988-12-07,9999-01-01,Senior Staff
Shooichi,Vandervoorde,1965-01-03,1996-08-16,9999-01-01,Engineer
Bouchung,Zaumen,1965-01-03,1999-01-29,9999-01-01,Senior Staff
Josyula,Motley,1965-01-03,1996-03-26,9999-01-01,Senior Engineer
Oscar,Oppitz,1965-01-08,2002-07-27,9999-01-01,Staff
Arvin,Pusterhofer,1965-01-08,1995-03-02,9999-01-01,Engineer
Danel,Petereit,1965-01-24,1985-02-21,9999-01-01,Engineer
Kazuhiko,Gornas,1965-01-02,1993-05-20,9999-01-01,Senior Engineer
Kazuhide,Snedden,1965-01-27,1996-06-14,9999-01-01,Senior Engineer
Michaela,Otillio,1965-01-11,1994-01-05,9999-01-01,Engineer
Arunachalam,Magliocco,1965-01-20,1987-12-23,9999-01-01,Senior Staff
Ymte,Dalton,1965-02-01,1992-11-22,9999-01-01,Staff
Heon,Broomell,1965-01-15,1998-05-06,9999-01-01,Staff
Ung,Orlowski,1965-01-29,1991-07-22,9999-01-01,Staff
Susuma,Kitsuregawa,1965-01-27,1985-05-28,9999-01-01,Senior Engineer
Mariangiola,Bolsens,1965-01-28,1985-06-15,9999-01-01,Senior Staff
Mabhin,Eastman,1965-01-06,1989-08-02,9999-01-01,Senior Staff
Frazer,Barbanera,1965-01-19,1986-11-04,9999-01-01,Senior Staff
Willard,Morrin,1965-01-06,1996-05-27,9999-01-01,Senior Staff
Raimond,Solovay,1965-01-04,1997-10-03,9999-01-01,Staff
Shawna,Krider,1965-01-17,1990-03-09,9999-01-01,Staff
Khosrow,Erez,1965-01-29,1990-02-11,9999-01-01,Staff
Shigeaki,Butner,1965-01-26,1996-07-13,9999-01-01,Senior Staff
Garnik,Randt,1965-01-14,1989-12-23,9999-01-01,Staff
Zhaofang,Falster,1965-01-07,1994-06-29,9999-01-01,Staff
Mariangiola,Bashian,1965-01-13,1999-09-18,9999-01-01,Engineer
Renny,Bednarek,1965-01-02,1987-06-01,9999-01-01,Senior Staff
Shichao,Thiria,1965-01-03,1989-01-11,9999-01-01,Engineer
Kenton,Miara,1965-01-08,2002-03-13,9999-01-01,Engineer
Jagoda,Uhrig,1965-01-18,1995-09-01,9999-01-01,Engineer
Takushi,Strehl,1965-01-20,1988-10-04,9999-01-01,Senior Staff
Uma,Stranks,1965-01-08,1991-09-13,9999-01-01,Staff
Joydip,Krone,1965-01-19,1995-02-08,9999-01-01,Engineer
Tsutomu,Tetzlaff,1965-01-31,1987-09-24,9999-01-01,Staff
Constantijn,Lichtman,1965-01-27,1994-06-26,9999-01-01,Staff
Heping,Monarch,1965-01-04,1988-04-15,9999-01-01,Senior Staff
Mariusz,Tokunaga,1965-01-30,1985-02-11,9999-01-01,Senior Engineer
Seshu,Kolvik,1965-01-01,1988-12-09,9999-01-01,Technique Leader
Danco,Luff,1965-01-14,1997-10-30,9999-01-01,Engineer
Kagan,Dredge,1965-02-01,1994-02-26,9999-01-01,Engineer
Changho,Veevers,1965-01-10,1997-03-03,9999-01-01,Senior Staff
Theron,Itschner,1965-01-19,1985-05-16,9999-01-01,Staff
Jacqueline,Zallocco,1965-01-24,1987-12-17,9999-01-01,Staff
Xuejun,Reeker,1965-01-19,1988-11-18,9999-01-01,Staff
Vasilis,Waleschkowski,1965-01-11,1996-05-26,9999-01-01,Engineer
Moni,Staudhammer,1965-01-03,1999-03-23,9999-01-01,Engineer
Alagu,Vieri,1965-01-18,1986-08-23,9999-01-01,Senior Staff
Paddy,Zumaque,1965-01-03,1995-11-12,9999-01-01,Senior Staff
Yongdong,Jiang,1965-01-18,1995-01-31,9999-01-01,Senior Staff
Paris,Range,1965-01-15,1989-10-25,9999-01-01,Senior Staff
Guther,Conia,1965-01-30,1999-02-13,9999-01-01,Engineer
Jahangir,Kroft,1965-01-19,1990-06-11,9999-01-01,Staff
Shahaf,Luce,1965-01-16,1999-04-06,9999-01-01,Senior Staff
Kaijung,Mateescu,1965-01-10,1987-11-18,9999-01-01,Senior Staff
Supot,Badache,1965-01-17,1996-08-17,9999-01-01,Engineer
Danco,Rajala,1965-01-31,1991-03-29,9999-01-01,Senior Staff
Zejun,Broomell,1965-01-13,1995-01-19,9999-01-01,Senior Engineer
Karsten,Kawashima,1965-01-07,1994-03-15,9999-01-01,Senior Engineer
Huican,Lunn,1965-01-07,1986-07-23,9999-01-01,Staff
Gaurav,Fendler,1965-01-21,1992-02-15,9999-01-01,Staff
Sandeepan,Kulisch,1965-01-13,1997-05-16,9999-01-01,Engineer
Gopalakrishnan,Mawatari,1965-01-25,1997-12-07,9999-01-01,Senior Staff
Weijing,Viele,1965-01-19,1985-10-03,9999-01-01,Senior Engineer
Utpal,Kemmerer,1965-01-31,1986-12-04,9999-01-01,Staff
Mamdouh,Ramamoorthy,1965-01-13,2000-01-13,9999-01-01,Senior Engineer
Feiyu,Hemaspaandra,1965-01-20,1995-06-04,9999-01-01,Staff
Torsten,Ranta,1965-01-20,1995-07-03,9999-01-01,Engineer
Jaques,Navazio,1965-01-25,1989-04-04,9999-01-01,Staff
Haldun,Compeau,1965-01-21,1997-10-15,9999-01-01,Senior Staff
Jaques,Gecsei,1965-01-18,1999-07-13,9999-01-01,Staff
Adil,Kieras,1965-01-02,1992-07-20,9999-01-01,Senior Engineer
Ronghao,Alpin,1965-01-09,1991-09-11,9999-01-01,Staff
Jamaludin,Kalorkoti,1965-01-12,1998-09-06,9999-01-01,Staff
Hatsukazu,Rosca,1965-01-11,1993-08-02,9999-01-01,Staff
Ghassan,Androutsos,1965-01-21,1987-12-26,9999-01-01,Senior Staff
Theron,Billawala,1965-01-23,1989-02-17,9999-01-01,Senior Engineer
Hugh,Senzako,1965-01-27,1992-10-15,9999-01-01,Technique Leader
Kazuyasu,Schmiedel,1965-01-09,1985-09-07,9999-01-01,Senior Staff
Mona,Luck,1965-01-29,1989-05-11,9999-01-01,Senior Staff
Alassane,Wolniewicz,1965-01-28,1993-11-09,9999-01-01,Senior Engineer
Seshu,Hiraishi,1965-01-08,1994-08-10,9999-01-01,Senior Staff
Limsoon,Roohalamini,1965-01-06,1986-11-26,9999-01-01,Staff
Subhada,Emmerich,1965-01-09,1996-03-06,9999-01-01,Engineer
Yongqiao,Francisci,1965-01-06,1999-12-01,9999-01-01,Engineer
Bartek,Vendrig,1965-01-25,1992-06-06,9999-01-01,Staff
Fumiya,Chappelet,1965-01-03,1992-09-03,9999-01-01,Engineer
Ung,Honglei,1965-01-06,1986-09-02,9999-01-01,Senior Staff
Ranan,Marsiglia,1965-01-30,1999-08-13,9999-01-01,Staff
Renny,Gladwell,1965-01-26,1999-02-27,9999-01-01,Staff
Erzsebet,Setiz,1965-01-22,1993-06-10,9999-01-01,Senior Engineer
Xiong,Roisin,1965-01-07,1988-03-01,9999-01-01,Engineer
Janalee,Lanzelotte,1965-01-19,1997-12-01,9999-01-01,Senior Staff
Kersti,Marsiglia,1965-01-17,1994-02-19,9999-01-01,Engineer
Khalil,Gien,1965-01-06,1991-08-06,9999-01-01,Senior Engineer
Masamitsu,Back,1965-01-06,1993-04-12,9999-01-01,Senior Staff
Visit,Thiran,1965-01-31,1986-11-14,9999-01-01,Engineer
Hideo,Varman,1965-01-21,1997-06-19,9999-01-01,Engineer
Poorav,Ranst,1965-01-05,1996-06-01,9999-01-01,Senior Engineer
Adamantios,Matzat,1965-01-11,1987-03-01,9999-01-01,Staff
Arfst,Uehara,1965-01-24,1994-07-10,9999-01-01,Senior Staff
Alair,Straney,1965-01-06,1986-11-15,9999-01-01,Senior Staff
Kwangjo,Hiltgen,1965-01-20,1998-12-22,9999-01-01,Engineer
Arve,Bergere,1965-01-30,1987-07-28,9999-01-01,Engineer
Nitsan,Nollmann,1965-01-19,1993-09-29,9999-01-01,Engineer
Takahiro,Maquelin,1965-01-21,1997-07-21,9999-01-01,Engineer
Flemming,Driscoll,1965-01-02,1994-05-28,9999-01-01,Engineer
Toshiko,Ibel,1965-01-16,1996-11-23,9999-01-01,Senior Engineer
Qunsheng,Birrer,1965-01-25,1986-05-13,9999-01-01,Senior Staff
Bojan,Montresor,1965-01-02,1995-02-04,9999-01-01,Staff
Tomofumi,Serna,1965-01-16,1999-10-23,9999-01-01,Staff
Make,Olivero,1965-02-01,1991-06-01,9999-01-01,Assistant Engineer
Keiichiro,Miyakawa,1965-01-06,1993-09-12,9999-01-01,Staff
Takushi,Skogmar,1965-01-11,1985-06-07,9999-01-01,Staff
Sahrah,Rosis,1965-01-15,1994-06-24,9999-01-01,Engineer
Brigham,Borstler,1965-01-10,1995-10-09,9999-01-01,Staff
Moie,Lieblein,1965-01-16,1996-07-12,9999-01-01,Staff
Kazuhide,Fiutem,1965-01-16,1992-05-10,9999-01-01,Staff
Feixiong,Schurmann,1965-01-04,1987-02-15,9999-01-01,Senior Staff
Berthier,Pramanik,1965-01-21,1993-01-23,9999-01-01,Senior Staff
Conal,Basart,1965-01-16,1991-05-17,9999-01-01,Senior Staff
Genta,Pepe,1965-01-29,1994-04-12,9999-01-01,Senior Staff
Dietrich,Kranzdorf,1965-01-29,1992-10-04,9999-01-01,Senior Staff
Olivera,Bharadwaj,1965-01-09,1992-04-01,9999-01-01,Senior Staff
Hercules,Speer,1965-01-07,1994-03-07,9999-01-01,Senior Engineer
Subir,Greibach,1965-01-08,1992-05-24,9999-01-01,Senior Engineer
Ohad,Henders,1965-01-24,1990-11-03,9999-01-01,Senior Staff
Wojceich,Limongiello,1965-01-30,1988-03-10,9999-01-01,Senior Staff
Feixiong,Haraldson,1965-01-13,1998-10-11,9999-01-01,Staff
Dines,DeMori,1965-01-17,1987-12-07,9999-01-01,Staff
Kazuhide,Biran,1965-02-01,1995-01-25,9999-01-01,Senior Staff
Sumant,Thambidurai,1965-01-21,1996-08-24,9999-01-01,Staff
Erez,Luft,1965-01-17,1994-12-14,9999-01-01,Staff
Kerhong,Lorho,1965-01-07,2001-03-17,9999-01-01,Staff
Lena,Giaccio,1965-01-01,2001-10-03,9999-01-01,Senior Staff
Rasikan,Barreiro,1965-01-19,1991-09-27,9999-01-01,Senior Staff
Lidong,Swist,1965-01-30,1999-09-16,9999-01-01,Engineer
Mari,Plessier,1965-01-28,1997-07-04,9999-01-01,Senior Engineer
Kousuke,Levasseur,1965-01-03,1990-03-16,9999-01-01,Senior Staff
Gunilla,Kisuki,1965-01-30,1994-08-14,9999-01-01,Senior Staff
Douadi,Sullins,1965-01-10,1999-09-25,9999-01-01,Senior Staff
Sandeepan,Rosti,1965-01-03,1991-11-26,9999-01-01,Senior Engineer
Tzvetan,Scharstein,1965-01-16,1994-06-16,9999-01-01,Staff
Snehasis,Kalsbeek,1965-01-14,1988-01-06,9999-01-01,Senior Staff
Filipp,Hasham,1965-01-01,1996-10-14,9999-01-01,Staff
Fabrizio,Usery,1965-01-18,1992-10-13,9999-01-01,Senior Staff
Miquel,Legleitner,1965-01-18,1985-06-28,9999-01-01,Staff
Chinho,Collette,1965-01-10,1995-10-09,9999-01-01,Senior Engineer
Leszek,Marchegay,1965-01-03,1999-06-13,9999-01-01,Engineer
Claudi,Heijenga,1965-01-12,1988-08-30,9999-01-01,Senior Staff
Ravishankar,Baig,1965-01-03,1992-03-17,9999-01-01,Staff
Martijn,DiGiano,1965-01-15,1990-06-15,9999-01-01,Senior Engineer
Zengping,Cusworth,1965-01-05,1991-06-07,9999-01-01,Senior Engineer
Navid,Luke,1965-01-08,1994-10-17,9999-01-01,Engineer
Mona,Hebden,1965-01-04,1995-10-20,9999-01-01,Engineer
Siddarth,Masada,1965-01-06,1997-08-11,9999-01-01,Staff
Aksel,Gire,1965-01-07,1999-06-27,9999-01-01,Engineer
Christfried,Atrawala,1965-01-14,1998-11-29,9999-01-01,Senior Staff
Marke,Klerer,1965-01-23,1990-04-14,9999-01-01,Senior Staff
Shaw,Kading,1965-01-08,1992-07-16,9999-01-01,Senior Staff
Vatsa,Ramsay,1965-01-20,2000-06-16,9999-01-01,Staff
Heping,Skrikant,1965-01-15,1990-11-27,9999-01-01,Senior Staff
Kousuke,Worfolk,1965-01-28,1988-03-22,9999-01-01,Staff
Irena,Cesareni,1965-01-27,1985-10-30,9999-01-01,Senior Staff
Prasadram,Bultermann,1965-01-13,1998-10-25,9999-01-01,Senior Engineer
Udi,Rullman,1965-01-03,1994-04-09,9999-01-01,Senior Engineer
Berna,Schonegge,1965-01-18,1998-06-28,9999-01-01,Staff
Eldridge,Kawashima,1965-01-28,1990-02-27,9999-01-01,Engineer
Heping,Peac,1965-01-09,1985-03-20,9999-01-01,Staff
Oscar,Baumann,1965-01-01,1987-01-22,9999-01-01,Senior Engineer
Van,Nations,1965-01-25,1986-08-11,9999-01-01,Technique Leader
Gaurav,Roison,1965-01-31,1991-07-12,9999-01-01,Staff
Masako,Dechter,1965-01-11,1985-09-25,9999-01-01,Technique Leader
Ebru,Valtorta,1965-01-23,1992-12-09,9999-01-01,Engineer
Fay,Cochrane,1965-01-11,1999-12-13,9999-01-01,Staff
Hercules,Kabayashi,1965-01-22,1991-06-10,9999-01-01,Senior Engineer
DAIDA,Nooteboom,1965-01-16,1985-11-24,9999-01-01,Engineer
Takahiro,Dalton,1965-01-22,1992-09-30,9999-01-01,Technique Leader
Aram,Passino,1965-01-29,1995-01-28,9999-01-01,Senior Engineer
Dannz,Miara,1965-01-17,1992-12-04,9999-01-01,Senior Engineer
Gennady,Rouquie,1965-01-31,1989-08-24,9999-01-01,Senior Staff
Aleksander,Schaaf,1965-01-22,2000-01-10,9999-01-01,Senior Staff
Kirk,Zongker,1965-01-07,1999-12-10,9999-01-01,Staff
Stabislas,Kakkad,1965-01-22,1989-02-19,9999-01-01,Senior Staff
Paris,Restivo,1965-01-15,1986-11-21,9999-01-01,Engineer
Make,Heuser,1965-01-13,1988-07-02,9999-01-01,Senior Engineer
Martijn,Jeong,1965-01-11,1990-12-14,9999-01-01,Senior Staff
Kamakshi,Hebert,1965-01-05,1997-01-17,9999-01-01,Senior Engineer
Shiv,Baezner,1965-01-25,1990-12-17,9999-01-01,Senior Engineer
Shiv,Vilarrasa,1965-01-05,1990-08-01,9999-01-01,Engineer
Mong,Dichev,1965-01-18,1997-10-11,9999-01-01,Technique Leader
Mart,Talmor,1965-01-16,1999-05-11,9999-01-01,Staff
Chiradeep,Arlazarov,1965-01-23,1989-10-06,9999-01-01,Engineer
Haldun,Syang,1965-01-12,1997-02-11,9999-01-01,Staff
Jahangir,Bernatsky,1965-01-30,1995-09-30,9999-01-01,Senior Staff
Fumitaka,Quittner,1965-01-27,1988-04-20,9999-01-01,Staff
Hinrich,Perin,1965-02-01,1985-11-20,9999-01-01,Engineer
Selwyn,Henseler,1965-01-11,1993-03-09,9999-01-01,Senior Engineer
Udo,Waymire,1965-01-31,1986-06-14,9999-01-01,Technique Leader
Gill,Orlowska,1965-01-08,1986-12-25,9999-01-01,Technique Leader
Saeed,Bahl,1965-01-21,1991-01-29,9999-01-01,Senior Staff
DAIDA,Frolund,1965-01-10,1987-07-17,9999-01-01,Engineer
Sedat,Rande,1965-01-03,1995-03-25,9999-01-01,Senior Staff
Chanjung,Raoux,1965-01-23,1992-05-25,9999-01-01,Senior Engineer
Yuriy,Ponthieu,1965-01-18,1991-12-11,9999-01-01,Senior Staff
Jaihie,Ozeri,1965-01-15,1991-06-21,9999-01-01,Staff
Jacopo,Krohm,1965-01-02,1991-04-24,9999-01-01,Engineer
Bedrich,Isard,1965-01-25,1986-06-07,9999-01-01,Senior Staff
Radhika,Bonifati,1965-01-15,1995-03-11,9999-01-01,Senior Staff
Subir,Miake,1965-01-15,1999-01-09,9999-01-01,Engineer
Arra,Esposito,1965-01-22,1994-11-03,9999-01-01,Staff
Taiji,Berstel,1965-01-14,1996-12-02,9999-01-01,Engineer
Shigeichiro,Brattka,1965-01-07,1996-07-13,9999-01-01,Senior Staff
Fei,Gadepally,1965-01-05,1988-11-13,9999-01-01,Assistant Engineer
Gou,Thombley,1965-01-17,1990-11-07,9999-01-01,Senior Engineer
Alair,Nanard,1965-01-03,1996-02-10,9999-01-01,Staff
Lobel,Aloia,1965-01-29,1994-12-29,9999-01-01,Senior Staff
Aran,Rosenbaum,1965-01-06,1991-04-25,9999-01-01,Senior Staff
Gao,Lally,1965-01-03,1996-03-01,9999-01-01,Staff
Berni,Takkinen,1965-01-07,1992-06-08,9999-01-01,Staff
Chinya,Leslie,1965-01-24,1995-10-28,9999-01-01,Engineer
Arne,Kohling,1965-01-15,1985-12-13,9999-01-01,Senior Engineer
Ewing,Rajala,1965-01-13,1996-06-21,9999-01-01,Senior Staff
Fai,Keirsey,1965-01-11,1994-10-12,9999-01-01,Senior Engineer
Stein,Perng,1965-01-23,1993-04-29,9999-01-01,Senior Staff
Mohammed,Georg,1965-01-24,1998-08-03,9999-01-01,Engineer
Gina,Ossenbruggen,1965-01-06,1998-01-03,9999-01-01,Technique Leader
Nechama,Ermel,1965-01-24,1995-06-05,9999-01-01,Engineer
Xiaoqiu,Pietracaprina,1965-01-22,1994-07-09,9999-01-01,Senior Engineer
Kamakshi,Schusler,1965-01-02,1995-05-25,9999-01-01,Engineer
Mohan,Picht,1965-01-01,1991-02-24,9999-01-01,Engineer
Soenke,Zaumen,1965-01-14,1992-02-22,9999-01-01,Staff
Luisa,Baig,1965-01-09,1996-07-12,9999-01-01,Engineer
Qiwen,Kriebel,1965-01-08,1987-12-13,9999-01-01,Staff
Giao,DuCasse,1965-01-28,1991-07-19,9999-01-01,Senior Engineer
Peer,Angelopoulos,1965-01-01,1989-07-23,9999-01-01,Engineer
Tetsurou,Schreiter,1965-01-24,1987-07-17,9999-01-01,Senior Staff
Shounak,Dratva,1965-01-07,1989-01-05,9999-01-01,Senior Engineer
Gay,Plavsic,1965-01-25,1987-08-06,9999-01-01,Staff
Jinpo,Heyers,1965-01-20,1999-01-07,9999-01-01,Staff
Sorina,Lakshmanan,1965-01-15,1994-09-03,9999-01-01,Staff
Xumin,Beidas,1965-01-31,1995-04-27,9999-01-01,Technique Leader
Xudong,Peck,1965-01-13,1988-04-18,9999-01-01,Senior Engineer
Berna,Ranst,1965-01-24,1985-05-14,9999-01-01,Engineer
Indrajit,Krogh,1965-01-09,1998-09-18,9999-01-01,Engineer
Florian,Siepmann,1965-01-15,1987-12-21,9999-01-01,Senior Engineer
Foong,Gargeya,1965-01-28,1992-01-24,9999-01-01,Senior Engineer
Jackson,Zielinski,1965-02-01,1997-09-12,9999-01-01,Senior Engineer
Arch,Picco,1965-01-14,1997-10-22,9999-01-01,Senior Staff
Florian,Tramer,1965-01-23,1999-11-07,9999-01-01,Engineer
Thanasis,Standera,1965-01-11,1985-03-20,9999-01-01,Staff
George,Atchley,1965-01-28,1997-07-02,9999-01-01,Staff
Mabhin,Foote,1965-01-06,1999-04-23,9999-01-01,Engineer
Shahaf,Kitai,1965-01-13,1986-12-26,9999-01-01,Senior Staff
Ramya,Azadmanesh,1965-01-17,1988-11-19,9999-01-01,Engineer
Val,Rissanen,1965-01-19,1993-11-20,9999-01-01,Assistant Engineer
Pramod,Wendorf,1965-01-21,1998-12-25,9999-01-01,Engineer
Mohit,Verhaegen,1965-01-14,1992-05-27,9999-01-01,Staff
Hirochika,Goldhammer,1965-02-01,1998-03-12,9999-01-01,Engineer
Adly,Hambrick,1965-01-16,1997-07-25,9999-01-01,Staff
Munehiko,Gihr,1965-01-16,1989-12-06,9999-01-01,Senior Staff
Yoshinari,Lanteri,1965-01-07,1996-12-25,9999-01-01,Engineer
Remzi,Mitzlaff,1965-01-22,1986-04-06,9999-01-01,Senior Staff
Shietung,Gelosh,1965-01-18,2001-04-01,9999-01-01,Engineer
Mrinalini,Mawatari,1965-01-10,1996-01-03,9999-01-01,Staff
Sumali,Cooman,1965-01-03,1993-04-18,9999-01-01,Senior Staff
Paloma,Gerlach,1965-01-12,1988-07-26,9999-01-01,Engineer
Somnath,Cummings,1965-01-05,1994-07-10,9999-01-01,Staff
Itzchak,Penn,1965-01-06,1999-01-21,9999-01-01,Staff
Jinxi,Schmiedel,1965-01-15,1990-09-21,9999-01-01,Senior Staff
Ramya,Rossi,1965-01-09,2001-09-02,9999-01-01,Senior Engineer
Jaber,Sethi,1965-01-11,2000-06-11,9999-01-01,Technique Leader
Alenka,Barriga,1965-01-28,1988-05-06,9999-01-01,Senior Staff
Huiqun,Henders,1965-01-20,1993-05-19,9999-01-01,Senior Staff
Abdelghani,Nyrup,1965-01-22,1986-08-02,9999-01-01,Senior Staff
Stafford,Gist,1965-01-29,1988-05-07,9999-01-01,Engineer
Tokuyasu,Ghelli,1965-01-19,1985-05-05,9999-01-01,Engineer
Vidar,Gunderson,1965-01-18,1996-03-18,9999-01-01,Senior Staff
Shahid,Varman,1965-01-30,1985-08-27,9999-01-01,Senior Staff
Mrinalini,Gire,1965-01-05,1992-11-09,9999-01-01,Senior Staff
Lakshmi,Frijda,1965-01-06,1990-04-21,9999-01-01,Senior Engineer
Kwan,Kampfer,1965-01-01,1998-10-16,9999-01-01,Staff
Herb,Picht,1965-01-12,1985-05-31,9999-01-01,Engineer
Temple,Danlos,1965-01-31,1994-06-13,9999-01-01,Senior Staff
Hiroyasu,Strandh,1965-01-05,1989-06-05,9999-01-01,Senior Staff
Bezalel,Verhoeff,1965-01-26,1988-03-22,9999-01-01,Engineer
Yechezkel,Nourani,1965-01-23,1991-08-01,9999-01-01,Staff
Boalin,Birsak,1965-01-26,1995-10-16,9999-01-01,Senior Staff
Przemyslawa,Borovoy,1965-01-05,1993-06-18,9999-01-01,Senior Staff
Nahum,Lambe,1965-01-18,1989-08-31,9999-01-01,Technique Leader
Mariusz,Rikino,1965-01-07,1995-04-13,9999-01-01,Engineer
Margareta,Bondorf,1965-01-13,1988-11-07,9999-01-01,Engineer
Kiyotoshi,Hennebert,1965-01-17,2001-03-06,9999-01-01,Staff
Sivanarayana,Chandrasekhar,1965-01-02,1996-01-24,9999-01-01,Senior Staff
Tsuneo,Skrikant,1965-01-03,1997-10-21,9999-01-01,Staff
Huei,Saoudi,1965-01-12,1994-08-10,9999-01-01,Technique Leader
Kamakshi,Huhdanpaa,1965-01-25,1993-08-26,9999-01-01,Engineer
Ranga,Lemarechal,1965-01-18,1989-11-05,9999-01-01,Senior Engineer
Baziley,Brookner,1965-01-27,1993-09-22,9999-01-01,Engineer
Nadjib,Comellas,1965-01-21,1999-01-22,9999-01-01,Engineer
Baruch,Basawa,1965-01-17,1993-09-17,9999-01-01,Engineer
Weiyi,Codenie,1965-01-23,1989-05-27,9999-01-01,Senior Engineer
Aiman,Wilfing,1965-01-12,1990-12-30,9999-01-01,Engineer
Hongzhu,Ruemmler,1965-01-25,2000-06-06,9999-01-01,Engineer
Halsur,Ibel,1965-01-24,1998-03-05,9999-01-01,Staff
Neven,Rikino,1965-01-07,1988-10-21,9999-01-01,Engineer
Arif,Stranks,1965-01-30,1992-11-16,9999-01-01,Senior Engineer
Hein,Jonsson,1965-01-23,1985-02-12,9999-01-01,Senior Staff
Reuven,Oehlmann,1965-01-13,1986-03-29,9999-01-01,Senior Staff
Zhiguo,Staudhammer,1965-02-01,1985-12-03,9999-01-01,Engineer
Nigel,Zirintsis,1965-02-01,1999-07-23,9999-01-01,Engineer
Feiyu,Decleir,1965-01-17,1998-09-13,9999-01-01,Technique Leader
Basem,Lortz,1965-01-22,1997-10-25,9999-01-01,Staff
Arun,Zaccaria,1965-01-14,1990-05-31,9999-01-01,Assistant Engineer
Kazuhiko,Marshall,1965-01-27,2001-06-04,9999-01-01,Staff
Godehard,Chinal,1965-01-26,1995-12-09,9999-01-01,Assistant Engineer
Yahiko,Sommen,1965-01-25,1996-08-14,9999-01-01,Senior Staff
Jungsoon,Gubsky,1965-01-31,1990-10-09,9999-01-01,Senior Engineer
Zhenbing,Ibel,1965-01-23,1985-10-29,9999-01-01,Senior Engineer
Weidon,Fordan,1965-01-29,1986-03-27,9999-01-01,Senior Engineer
Hugo,Sgarro,1965-01-01,1992-04-24,9999-01-01,Senior Staff
Khaled,Penn,1965-01-12,1992-05-19,9999-01-01,Senior Staff
Pantung,Reeker,1965-01-06,1992-05-11,9999-01-01,Staff
Avishai,Majewski,1965-01-16,1998-01-10,9999-01-01,Engineer
Sugwoo,Eugenio,1965-01-29,1994-03-02,9999-01-01,Senior Staff
Mayuko,Clouatre,1965-01-07,1997-09-04,9999-01-01,Engineer
Zongyan,Shackel,1965-01-10,1987-08-17,9999-01-01,Technique Leader
Genevieve,Snedden,1965-01-31,1988-10-21,9999-01-01,Senior Engineer
Fumiyo,Feinberg,1965-01-10,2000-02-12,9999-01-01,Staff
Christophe,Leaver,1965-01-15,1998-10-31,9999-01-01,Staff
Shigeaki,Lanteri,1965-01-14,1989-02-17,9999-01-01,Senior Engineer
Rimon,Pietracaprina,1965-01-02,1985-07-10,9999-01-01,Engineer
Girolamo,Schlumberger,1965-01-03,1993-03-07,9999-01-01,Senior Staff
Khun,Spieker,1965-01-04,1995-05-07,9999-01-01,Engineer
Reinhold,Binkley,1965-01-31,1995-05-29,9999-01-01,Engineer
Doohun,Preusig,1965-01-09,1993-04-28,9999-01-01,Technique Leader
Terresa,Vigier,1965-01-01,1998-07-08,9999-01-01,Staff
Marit,Paludetto,1965-01-23,1990-09-30,9999-01-01,Engineer
Bluma,Mundy,1965-01-18,1991-10-18,9999-01-01,Engineer
Fumino,Narahara,1965-01-06,1991-09-21,9999-01-01,Engineer
Doowon,Schoegge,1965-01-22,1995-04-13,9999-01-01,Assistant Engineer
Djenana,Erol,1965-01-02,1999-12-03,9999-01-01,Engineer
Yuichiro,Bale,1965-01-15,1997-11-04,9999-01-01,Technique Leader
Arun,Katzenelson,1965-01-03,1991-10-28,9999-01-01,Engineer
Shaw,Borovoy,1965-01-18,1991-05-11,9999-01-01,Senior Staff
Pradeep,Valiente,1965-01-30,1992-09-19,9999-01-01,Senior Engineer
Hidekazu,Perna,1965-01-20,1999-11-08,9999-01-01,Staff
Ewing,Kalorkoti,1965-01-03,1996-12-21,9999-01-01,Engineer
Randi,Tomescu,1965-01-18,1986-11-25,9999-01-01,Engineer
Kayoko,Bahi,1965-01-19,1997-02-19,9999-01-01,Staff
Masamitsu,Murrill,1965-01-06,1999-06-23,9999-01-01,Staff
Sukumar,Georg,1965-01-26,1990-08-26,9999-01-01,Staff
Suebskul,Menhardt,1965-01-31,1994-07-26,9999-01-01,Engineer
Uinam,Rahier,1965-01-03,1991-02-10,9999-01-01,Staff
Gaurav,Cheshire,1965-01-18,1989-03-30,9999-01-01,Technique Leader
Deniz,Bennis,1965-01-01,1989-06-24,9999-01-01,Senior Engineer
Weiru,Burnard,1965-01-16,1990-10-15,9999-01-01,Staff
Shigehiro,Haldar,1965-01-08,1991-12-14,9999-01-01,Senior Staff
Luisa,Chelton,1965-01-31,1998-08-13,9999-01-01,Assistant Engineer
Teiji,Marrakchi,1965-01-27,1986-08-26,9999-01-01,Senior Engineer
Haldun,Erie,1965-01-22,1999-01-01,9999-01-01,Senior Engineer
Kwangyoen,Peck,1965-01-26,1994-01-16,9999-01-01,Engineer
Jayson,Zockler,1965-01-23,1999-11-06,9999-01-01,Staff
Jouni,Conia,1965-01-03,1994-10-31,9999-01-01,Senior Staff
Shaunak,Brizzi,1965-01-29,1988-09-02,9999-01-01,Assistant Engineer
Aral,Hebden,1965-01-16,1991-09-10,9999-01-01,Senior Staff
Duke,Journel,1965-01-26,1991-10-26,9999-01-01,Staff
Rosita,Pokrovskii,1965-01-10,1996-08-03,9999-01-01,Senior Staff
Hausi,Kamber,1965-01-22,1988-02-16,9999-01-01,Engineer
Marek,Mitchem,1965-01-22,1992-11-20,9999-01-01,Senior Engineer
Sham,Kavanagh,1965-01-03,1997-12-18,9999-01-01,Assistant Engineer
Dung,Tanemo,1965-01-24,1990-01-28,9999-01-01,Senior Staff
Manton,Lueh,1965-01-05,1989-04-07,9999-01-01,Senior Staff
Perry,Cooman,1965-01-05,1987-04-23,9999-01-01,Staff
Herbert,Hammerschmidt,1965-01-26,1996-08-22,9999-01-01,Engineer
Phule,Ruemmler,1965-01-16,1990-08-09,9999-01-01,Engineer
Gladys,Parhami,1965-01-14,1996-07-20,9999-01-01,Senior Staff
Keiichiro,Armand,1965-01-01,1986-12-14,9999-01-01,Assistant Engineer
Rafael,Menhoudj,1965-01-30,1997-04-27,9999-01-01,Senior Engineer
Munehiro,Iwayama,1965-01-18,1986-12-16,9999-01-01,Engineer
Yoshimitsu,Litvinov,1965-01-27,1997-11-22,9999-01-01,Senior Staff
Mahmut,Bolotov,1965-01-29,1997-02-21,9999-01-01,Engineer
Yefim,Bernardeschi,1965-01-11,1996-06-26,9999-01-01,Senior Staff
Geoffrey,Siochi,1965-01-05,1998-12-27,9999-01-01,Senior Engineer
Yagil,Remmers,1965-01-18,1994-11-01,9999-01-01,Senior Staff
Matt,Ruemmler,1965-01-01,1993-10-14,9999-01-01,Engineer
Tonny,Kropf,1965-01-06,1986-07-30,9999-01-01,Engineer
Zhigen,Raney,1965-01-22,1993-05-26,9999-01-01,Senior Staff
Uno,Jayawardene,1965-01-20,1987-11-02,9999-01-01,Senior Staff
Ekawit,Schaft,1965-01-05,1990-05-20,9999-01-01,Senior Staff
Francoise,Hegner,1965-01-24,1997-12-23,9999-01-01,Senior Staff
Denis,Narlikar,1965-01-05,1991-07-01,9999-01-01,Senior Staff
Kensyu,Tsunoo,1965-01-30,1999-12-05,9999-01-01,Engineer
Breannda,Maquelin,1965-01-22,1996-04-12,9999-01-01,Senior Staff
Georgy,Bennis,1965-01-25,1998-04-11,9999-01-01,Engineer
Jiong,Zultner,1965-01-27,1993-03-10,9999-01-01,Senior Engineer
Mihalis,Remmers,1965-01-16,1990-03-01,9999-01-01,Staff
Nimmagadda,Baja,1965-01-23,1994-02-09,9999-01-01,Staff
Wuxu,Garigliano,1965-01-12,1990-09-21,9999-01-01,Staff
Kendra,Junet,1965-01-18,1992-11-12,9999-01-01,Senior Staff
Matk,Chorvat,1965-01-14,1999-12-04,9999-01-01,Senior Staff
Kersti,Miculan,1965-01-01,1992-06-09,9999-01-01,Senior Staff
Satoru,Janetzko,1965-01-28,1997-07-26,9999-01-01,Assistant Engineer
Lalit,Lindqvist,1965-01-01,1998-11-07,9999-01-01,Engineer
Luise,Vigier,1965-01-27,1994-07-01,9999-01-01,Senior Engineer
Zita,Reistad,1965-01-01,1998-07-23,9999-01-01,Senior Engineer
Younwoo,Samarati,1965-01-19,2002-05-18,9999-01-01,Senior Engineer
Kwangsub,Keirsey,1965-01-06,1992-02-04,9999-01-01,Senior Engineer
Panayotis,Hempstead,1965-01-14,1994-08-29,9999-01-01,Senior Engineer
Gill,Varman,1965-01-16,1988-06-18,9999-01-01,Senior Staff
Charmane,Pargas,1965-01-21,1992-08-03,9999-01-01,Engineer
Gadiel,Perly,1965-01-01,1986-10-20,9999-01-01,Senior Staff
Valeska,Cools,1965-01-10,1993-12-16,9999-01-01,Senior Staff
Udo,Ratnakar,1965-01-11,1999-11-30,9999-01-01,Staff
Heekeun,Verhaegen,1965-01-16,1991-09-28,9999-01-01,Senior Engineer
Sanjoy,Porenta,1965-01-30,1997-07-10,9999-01-01,Engineer
Goetz,McAffer,1965-01-26,1988-02-05,9999-01-01,Engineer
Hironoby,Jakobus,1965-01-23,1991-07-30,9999-01-01,Senior Staff
Muzhong,Berztiss,1965-01-31,1995-01-23,9999-01-01,Senior Staff
Sachem,Msuda,1965-01-31,1995-04-07,9999-01-01,Engineer
Leni,Kropatsch,1965-01-14,1997-07-17,9999-01-01,Senior Engineer
Morrie,Iisaku,1965-01-16,1991-05-06,9999-01-01,Senior Staff
Phule,Dahlbom,1965-01-10,1989-02-06,9999-01-01,Engineer
Masasuke,Koprowski,1965-01-10,1996-11-20,9999-01-01,Staff
Yongmao,Pouyioutas,1965-01-04,1989-08-24,9999-01-01,Senior Staff
Pranjal,Reinhard,1965-01-07,1995-05-08,9999-01-01,Staff
Giordano,Maquelin,1965-01-03,1999-12-31,9999-01-01,Senior Engineer
Danco,Debuse,1965-01-30,1993-09-10,9999-01-01,Senior Staff
Oldrich,Adachi,1965-01-23,1998-08-09,9999-01-01,Engineer
Sanjiv,Bressoud,1965-01-02,1993-04-27,9999-01-01,Senior Engineer
Fayez,Keohane,1965-01-06,1990-09-19,9999-01-01,Senior Staff
Paris,Lieblein,1965-01-30,1999-05-19,9999-01-01,Engineer
Shuho,Laurillard,1965-01-29,1999-10-06,9999-01-01,Technique Leader
Caolyn,Marciano,1965-01-19,1999-06-06,9999-01-01,Senior Engineer
Naraig,Docker,1965-01-30,1997-05-17,9999-01-01,Staff
Geraldo,Gerteisen,1965-01-17,1987-06-05,9999-01-01,Senior Staff
Florian,Pezzoli,1965-01-09,1988-07-22,9999-01-01,Staff
Sanjay,Ciolek,1965-01-16,1989-12-13,9999-01-01,Senior Staff
Arumugam,Pelc,1965-01-09,1999-11-13,9999-01-01,Senior Engineer
Nechama,Kandlur,1965-01-13,1995-01-16,9999-01-01,Engineer
Padma,Delgrange,1965-01-29,1999-08-27,9999-01-01,Senior Staff
Danae,Honglei,1965-01-11,1998-09-14,9999-01-01,Engineer
Baoqiu,Kakkar,1965-01-14,1999-08-30,9999-01-01,Engineer
